anon_polygon_id,date,primary_ndvi_pred
AOI-0001,2010-08-29,0.1923527498904885
AOI-0001,2010-10-25,0.14702562877603836
AOI-0001,2011-06-13,0.6157795522684402
AOI-0001,2011-09-18,0.27247148375625396
AOI-0001,2011-09-26,0.23801563923001348
AOI-0001,2011-09-30,0.36420566633878554
AOI-0001,2012-05-24,0.7610663290306035
AOI-0001,2012-07-09,0.2516431110898007
AOI-0001,2012-07-11,0.33440327571383777
AOI-0001,2012-08-10,0.16921583857891184
AOI-0001,2012-08-12,0.2914524827163751
AOI-0001,2012-10-15,0.3943605859323654
AOI-0001,2013-05-01,0.8297138839936139
AOI-0001,2013-07-12,0.22591502007838052
AOI-0001,2013-09-30,0.5606997951695761
AOI-0001,2014-04-18,0.20876592928543855
AOI-0001,2014-05-25,0.45899497178473087
AOI-0001,2014-06-26,0.8077997737465705
AOI-0001,2014-07-15,0.7858105920194529
AOI-0001,2014-07-28,0.6309336076390474
AOI-0001,2014-08-09,0.4613005403211203
AOI-0001,2014-08-13,0.4606040493949409
AOI-0001,2014-10-03,0.1969880895485831
AOI-0001,2014-10-16,0.2899045106162034
AOI-0001,2015-04-13,0.4519899168189138
AOI-0001,2015-08-11,0.21922800511012427
AOI-0001,2015-08-12,0.16838437548387028
AOI-0001,2015-08-27,0.2258886191214644
AOI-0001,2015-09-20,0.17105286271936912
AOI-0001,2015-09-28,0.21446418174084025
AOI-0001,2016-06-27,0.2901071931884089
AOI-0001,2016-07-04,0.2821342434227362
AOI-0001,2016-07-20,0.2497872515325994
AOI-0001,2016-07-27,0.3108858749737536
AOI-0001,2016-08-29,0.3058666551782188
AOI-0001,2016-08-30,0.2365296837480113
AOI-0001,2016-09-15,0.29137306503608706
AOI-0001,2016-09-29,0.5005810012981237
AOI-0001,2017-05-12,0.735405138462866
AOI-0001,2017-06-29,0.5389099561390689
AOI-0001,2017-07-12,0.4718663154168159
AOI-0001,2017-08-09,0.31983094372238263
AOI-0001,2017-08-29,0.21252135029020128
AOI-0001,2017-09-08,0.21199931976228925
AOI-0001,2017-09-14,0.3137076239069445
AOI-0001,2018-04-05,0.5182233737886389
AOI-0001,2018-04-23,0.7861125449433908
AOI-0001,2018-05-01,0.8075003644721706
AOI-0001,2018-06-08,0.656268036035731
AOI-0001,2018-07-12,0.3239675803122769
AOI-0001,2018-09-28,0.15727484584997842
AOI-0001,2018-10-13,0.19520768266718397
AOI-0001,2019-05-11,0.5244227516808244
AOI-0001,2019-05-31,0.6976761077290117
AOI-0001,2019-06-04,0.6970882592288403
AOI-0001,2019-06-05,0.6858819764469256
AOI-0001,2019-06-25,0.3622255437274225
AOI-0001,2019-07-12,0.4559227030735954
AOI-0001,2019-07-22,0.40999014112742926
AOI-0001,2019-07-29,0.44983668133838456
AOI-0001,2019-08-30,0.22058983160472317
AOI-0001,2019-09-07,0.292023719801856
AOI-0001,2019-09-08,0.21907662934226746
AOI-0001,2019-09-18,0.12470985943529946
AOI-0001,2020-04-03,0.5600978562751395
AOI-0001,2020-04-26,0.6512171290920978
AOI-0001,2020-05-30,0.7990704481954104
AOI-0001,2020-06-09,0.7826387800760645
AOI-0001,2020-07-14,0.1568774981733735
AOI-0001,2020-07-23,0.2415776416652981
AOI-0001,2020-07-27,0.2728230996848987
AOI-0001,2020-08-08,0.25378085047707577
AOI-0001,2020-09-01,0.3158785071141255
AOI-0001,2020-09-02,0.3123763508296261
AOI-0001,2020-09-12,0.2737896208158321
AOI-0001,2020-09-22,0.24510012105557188
AOI-0001,2020-09-29,0.2900507498139145
AOI-0001,2020-10-11,0.2102112024292022
AOI-0001,2020-10-12,0.1586096153426407
AOI-0001,2020-10-19,0.1712208395044467
AOI-0001,2021-05-15,0.4465711296982791
AOI-0001,2021-05-20,0.48187268837199476
AOI-0001,2021-06-10,0.5624255645345143
AOI-0001,2021-07-02,0.5839317022607944
AOI-0001,2021-07-24,0.6439621991011036
AOI-0001,2021-09-17,0.22742910929419977
AOI-0001,2022-04-25,0.5627358050743065
AOI-0001,2022-06-03,0.769348435409533
AOI-0001,2022-09-02,0.19402231560524266
AOI-0001,2022-09-30,0.2991824059955852
AOI-0001,2022-10-01,0.26576015307645834
AOI-0001,2022-10-17,0.22294825347993324
AOI-0001,2023-05-25,0.8518832599562165
AOI-0001,2023-06-23,0.7641906533194555
AOI-0001,2023-07-15,0.23783108545268045
AOI-0001,2023-07-29,0.19744458250890504
AOI-0001,2023-08-03,0.18442500281823349
AOI-0001,2023-08-08,0.20341889864482093
AOI-0001,2023-08-13,0.23943165696537322
AOI-0001,2023-08-17,0.2602098978788557
AOI-0001,2023-08-28,0.24265376208148073
AOI-0001,2023-08-29,0.31032648620055436
AOI-0001,2023-09-12,0.25054203106783607
AOI-0001,2024-04-06,0.6970262681887531
AOI-0001,2024-05-24,0.800045328592957
AOI-0001,2024-06-01,0.7696237551326159
AOI-0001,2024-06-03,0.7363960823869566
AOI-0001,2024-06-09,0.6350417660471668
AOI-0001,2024-06-13,0.5088238827088869
AOI-0001,2024-06-17,0.47704723823408407
AOI-0001,2024-06-23,0.30098561587511147
AOI-0001,2024-06-25,0.3718043358405405
AOI-0001,2024-07-03,0.29822223238993767
AOI-0001,2024-09-11,0.13231320462932622
AOI-0001,2024-09-13,0.17782234158487148
AOI-0001,2024-09-16,0.15354326577449254
AOI-0001,2024-09-29,0.20510688197534047
AOI-0001,2025-04-23,0.4485751273713378
AOI-0001,2025-05-03,0.3796626972671544
AOI-0001,2025-06-03,0.5244039093909615
AOI-0001,2025-06-27,0.6311403505009342
AOI-0001,2025-07-05,0.5902367341577831
AOI-0001,2025-07-12,0.5093215731755012
AOI-0001,2025-07-13,0.4432152509706023
AOI-0001,2025-07-23,0.42978871614657577
AOI-0001,2025-07-28,0.3830931166159277
AOI-0001,2025-07-29,0.4186799419847928
AOI-0001,2025-08-02,0.3387999604015075
AOI-0001,2025-10-28,0.2398903689709668
AOI-0002,2025-05-03,0.8750404191633165
AOI-0002,2025-06-03,0.6083963357393948
AOI-0002,2025-06-26,0.44082236205601294
AOI-0002,2025-07-29,0.2670330647024978
AOI-0002,2025-08-02,0.1931761190420216
AOI-0002,2025-08-13,0.256683704370479
AOI-0002,2025-08-19,0.15876992998090025
AOI-0003,2025-04-01,0.48771062394371983
AOI-0003,2025-04-18,0.81941488110603
AOI-0003,2025-04-19,0.8372891605252923
AOI-0003,2025-05-06,0.814660585393866
AOI-0003,2025-06-04,0.7743678430723726
AOI-0003,2025-06-13,0.60822409802318
AOI-0003,2025-07-07,0.1736477871007925
AOI-0003,2025-07-13,0.14601550621752665
AOI-0003,2025-07-15,0.15242720149872369
AOI-0003,2025-08-04,0.1539910876428578
AOI-0003,2025-08-07,0.17026867858008646
AOI-0003,2025-08-14,0.24278234567647994
AOI-0003,2025-08-22,0.17696423820142235
AOI-0003,2025-08-23,0.2515525955776343
AOI-0004,2025-04-23,0.6592109694536895
AOI-0004,2025-05-04,0.6146415785147676
AOI-0004,2025-05-24,0.6789148028718481
AOI-0004,2025-05-25,0.7035918695402334
AOI-0004,2025-06-30,0.586774983397768
AOI-0004,2025-07-12,0.5146069295440234
AOI-0004,2025-07-23,0.45922248744565314
AOI-0004,2025-08-02,0.40990723543323787
AOI-0004,2025-09-14,0.4132901564124618
AOI-0004,2025-09-23,0.34806171701277916
AOI-0005,2025-05-01,0.6540292711678656
AOI-0005,2025-05-03,0.6244423274600566
AOI-0005,2025-05-14,0.6025148548302055
AOI-0005,2025-06-11,0.6129857644886556
AOI-0005,2025-07-21,0.4549085679088192
AOI-0005,2025-08-17,0.3207137494600652
AOI-0005,2025-09-01,0.2722328011473096
AOI-0006,2025-04-01,0.20965935084151696
AOI-0006,2025-05-09,0.3066614637822294
AOI-0006,2025-05-25,0.4461979273096045
AOI-0006,2025-07-28,0.39774091581589344
AOI-0006,2025-08-09,0.2726121219522852
AOI-0006,2025-08-22,0.24890091708245762
AOI-0006,2025-08-30,0.26360598735237184
AOI-0006,2025-09-07,0.2433367085126059
AOI-0006,2025-10-28,0.2166678355450289
AOI-0007,2025-04-01,0.19176048565057222
AOI-0007,2025-04-18,0.28780461648871036
AOI-0007,2025-04-29,0.4293475648019565
AOI-0007,2025-05-01,0.40805127231669025
AOI-0007,2025-06-26,0.3660585778027028
AOI-0007,2025-07-28,0.15695213822247564
AOI-0007,2025-08-13,0.22068394623033172
AOI-0007,2025-08-14,0.14376117696867158
AOI-0007,2025-08-16,0.1513161018737416
AOI-0007,2025-09-11,0.1572446625479539
AOI-0007,2025-09-26,0.171795878569624
AOI-0008,2025-04-17,0.8319343880020923
AOI-0008,2025-04-24,0.8526889820243482
AOI-0008,2025-05-19,0.8743064326553203
AOI-0008,2025-07-08,0.2056946572564551
AOI-0008,2025-07-15,0.1587140997821511
AOI-0008,2025-07-17,0.15202654218435918
AOI-0008,2025-08-13,0.24270663098268855
AOI-0008,2025-09-01,0.15147021045985348
AOI-0008,2025-09-30,0.2493909236843724
AOI-0008,2025-10-16,0.24206274788047877
AOI-0009,2025-04-01,0.5509076553710769
AOI-0009,2025-04-23,0.8056764677551386
AOI-0009,2025-05-04,0.8368606130962324
AOI-0009,2025-06-30,0.18771137340777236
AOI-0009,2025-07-05,0.21569006893823284
AOI-0009,2025-07-10,0.16390368425992857
AOI-0009,2025-07-25,0.16164924636876524
AOI-0009,2025-08-12,0.18361486787702183
AOI-0009,2025-08-17,0.16906142725351703
AOI-0009,2025-08-22,0.1608993417996805
AOI-0009,2025-08-24,0.13821890165042686
AOI-0009,2025-09-14,0.2681711157687961
AOI-0009,2025-09-16,0.17274423776409256
AOI-0009,2025-09-25,0.1474931214582361
AOI-0009,2025-10-03,0.16160069745570815
AOI-0010,2010-06-19,0.31199289071663033
AOI-0010,2010-08-06,0.2019540135804282
AOI-0010,2010-08-22,0.21463992384442057
AOI-0010,2011-06-14,0.5794691038812708
AOI-0010,2011-07-12,0.37179779339280705
AOI-0010,2011-08-09,0.25075335126135384
AOI-0010,2011-08-13,0.3191216689157792
AOI-0010,2011-09-10,0.20756167175064633
AOI-0010,2012-04-13,0.2148122040445741
AOI-0010,2012-08-03,0.2095323733012298
AOI-0010,2013-04-16,0.7332232945865572
AOI-0010,2013-05-25,0.7474359568816709
AOI-0010,2013-06-26,0.32800676217959684
AOI-0010,2013-07-12,0.2867871475175358
AOI-0010,2014-05-29,0.7416272299505549
AOI-0010,2014-06-06,0.5741432997092585
AOI-0010,2014-06-10,0.37074498713280063
AOI-0010,2014-08-29,0.25604231936103633
AOI-0010,2014-09-30,0.2577212772923257
AOI-0010,2015-04-07,0.3546617937207038
AOI-0010,2015-04-14,0.22218488411385376
AOI-0010,2015-05-25,0.3532551007199
AOI-0010,2015-10-07,0.21133849361591228
AOI-0010,2016-07-27,0.3394830505820696
AOI-0010,2016-08-12,0.32859364657354534
AOI-0010,2016-09-13,0.2834236942653356
AOI-0010,2017-04-03,0.35168748026760854
AOI-0010,2017-04-07,0.5711950667202628
AOI-0010,2017-08-01,0.1514387562753437
AOI-0010,2017-08-04,0.14873945184662463
AOI-0010,2017-08-13,0.25808947896453
AOI-0010,2017-08-29,0.20354386510926697
AOI-0010,2018-05-16,0.8287427356667556
AOI-0010,2018-07-28,0.2392693473435363
AOI-0010,2018-08-28,0.19854256879937965
AOI-0010,2018-09-14,0.23250587553584853
AOI-0010,2019-04-06,0.42828309803593484
AOI-0010,2019-04-28,0.7424538759517146
AOI-0010,2019-05-19,0.8502591102903296
AOI-0010,2019-06-20,0.18238975440934085
AOI-0010,2019-06-26,0.23237774873348183
AOI-0010,2019-06-27,0.15901413438389306
AOI-0010,2019-07-20,0.18076849778426063
AOI-0010,2019-08-13,0.31349988804158624
AOI-0010,2019-08-19,0.18735943184163228
AOI-0010,2019-08-21,0.20573644873148528
AOI-0010,2019-09-23,0.1609207740544404
AOI-0010,2020-06-06,0.4084425679889224
AOI-0010,2020-06-09,0.4655401632064079
AOI-0010,2020-07-16,0.13256783011354695
AOI-0010,2020-07-19,0.15226055123936333
AOI-0010,2020-07-26,0.15266653095322943
AOI-0010,2020-07-31,0.15135962532576908
AOI-0010,2020-09-09,0.1871236847518007
AOI-0010,2020-09-13,0.2626627644086358
AOI-0010,2020-09-19,0.13767156731707317
AOI-0010,2020-09-27,0.151456545977267
AOI-0010,2021-05-05,0.4559390442350914
AOI-0010,2021-05-09,0.5701244859089177
AOI-0010,2021-07-28,0.3527681042364308
AOI-0010,2021-08-05,0.2146881329432015
AOI-0010,2021-09-04,0.286559348764334
AOI-0010,2021-09-17,0.3608096738274669
AOI-0010,2021-10-27,0.35859245984582405
AOI-0010,2022-06-06,0.7195996322281485
AOI-0010,2022-06-10,0.6214045557796464
AOI-0010,2022-06-11,0.6371989069008287
AOI-0010,2022-07-17,0.27577388044708306
AOI-0010,2022-07-28,0.3455497985552802
AOI-0010,2022-09-08,0.2948393739917646
AOI-0010,2023-04-02,0.48399563335376583
AOI-0010,2023-04-27,0.6236620985665688
AOI-0010,2023-06-08,0.7230252799985006
AOI-0010,2023-06-16,0.5937041340693905
AOI-0010,2023-08-23,0.24551277786476636
AOI-0010,2023-08-30,0.2585151150422956
AOI-0010,2023-09-19,0.27058393365269867
AOI-0010,2024-04-04,0.6309458944234714
AOI-0010,2024-04-26,0.6658953390735335
AOI-0010,2024-05-08,0.7799456441660019
AOI-0010,2024-05-21,0.6916794973658619
AOI-0010,2024-06-18,0.2549106794355253
AOI-0010,2024-06-20,0.22445773179879666
AOI-0010,2024-07-08,0.18207087950587345
AOI-0010,2024-07-15,0.17268113152196168
AOI-0010,2024-08-12,0.22886104024731058
AOI-0010,2024-09-06,0.2251015988476524
AOI-0010,2024-09-28,0.2068077620247489
AOI-0010,2024-10-01,0.20641206744358992
AOI-0010,2024-10-15,0.282858093498259
AOI-0010,2024-10-23,0.21288470805809967
AOI-0010,2025-04-16,0.380480129925701
AOI-0010,2025-04-18,0.45903446020847216
AOI-0010,2025-05-09,0.7321324191195132
AOI-0010,2025-06-05,0.5100469163528596
AOI-0010,2025-06-07,0.4550105982055321
AOI-0010,2025-06-28,0.16801185275572847
AOI-0010,2025-07-05,0.2113870975817847
AOI-0010,2025-07-06,0.2801032314348907
AOI-0010,2025-07-07,0.1798307040638366
AOI-0010,2025-07-25,0.1554239651376619
AOI-0010,2025-07-30,0.15406698186455703
AOI-0010,2025-08-16,0.16187372983133722
AOI-0010,2025-08-27,0.19218732397910243
AOI-0010,2025-09-16,0.22161527461549776
AOI-0010,2025-09-30,0.3514356388474291
AOI-0010,2025-10-05,0.16252395018636032
AOI-0011,2025-04-07,0.7555593006685027
AOI-0011,2025-04-17,0.7820431682347517
AOI-0011,2025-04-23,0.8392932999588865
AOI-0011,2025-04-28,0.8457429835353529
AOI-0011,2025-05-24,0.788635635736938
AOI-0011,2025-06-03,0.5915876143166067
AOI-0011,2025-07-12,0.31390396420323835
AOI-0011,2025-08-06,0.23715951550600758
AOI-0011,2025-08-14,0.2217650343354514
AOI-0011,2025-08-19,0.1988418081964554
AOI-0011,2025-08-27,0.19801499731943376
AOI-0011,2025-09-30,0.28014191102377906
AOI-0011,2025-10-03,0.165188089781964
AOI-0011,2025-10-05,0.11447156198693632
AOI-0012,2025-04-01,0.19318052856381404
AOI-0012,2025-04-28,0.5175383675260894
AOI-0012,2025-05-16,0.7461781471660961
AOI-0012,2025-06-03,0.5945431086540621
AOI-0012,2025-06-05,0.5077528120375246
AOI-0012,2025-06-15,0.2395480628204551
AOI-0012,2025-06-26,0.2911413512431462
AOI-0012,2025-07-10,0.15654804907243403
AOI-0012,2025-07-18,0.15694650802778493
AOI-0012,2025-07-30,0.1593203712198557
AOI-0013,2010-04-16,0.7341621156560839
AOI-0013,2010-06-10,0.4323488378863052
AOI-0013,2010-06-19,0.3254643460209164
AOI-0013,2010-10-24,0.21774664725765625
AOI-0013,2011-04-18,0.249450214871149
AOI-0013,2011-04-26,0.20253294163798521
AOI-0013,2012-05-08,0.47843308233778187
AOI-0013,2012-06-23,0.5883334659361951
AOI-0013,2012-08-12,0.45105798633394545
AOI-0013,2013-04-16,0.2770330946018052
AOI-0013,2013-04-24,0.2733898138710905
AOI-0013,2013-05-02,0.29595446692044663
AOI-0013,2013-05-09,0.4179831871462136
AOI-0013,2013-06-11,0.5214867189748812
AOI-0013,2013-07-12,0.5047139336313132
AOI-0013,2013-07-28,0.462891772861075
AOI-0013,2014-05-29,0.49667938913123405
AOI-0013,2014-06-10,0.36726027666704064
AOI-0013,2014-07-28,0.35023611254170617
AOI-0013,2014-08-01,0.39795805747212415
AOI-0013,2014-08-08,0.3925679555199175
AOI-0013,2014-08-13,0.3916836328230026
AOI-0013,2015-05-09,0.546940977083505
AOI-0013,2015-05-23,0.47169066664659764
AOI-0013,2015-07-12,0.5552183634294592
AOI-0013,2015-08-20,0.4569964122478866
AOI-0013,2015-10-07,0.37996321072458655
AOI-0013,2015-10-16,0.39975016435590455
AOI-0013,2016-05-09,0.42692826687430635
AOI-0013,2016-05-10,0.4234333116282447
AOI-0013,2016-08-12,0.6147040779324998
AOI-0013,2016-08-21,0.6179249846195787
AOI-0013,2016-09-13,0.6356926389403867
AOI-0013,2016-10-09,0.5514078047340787
AOI-0013,2017-04-11,0.2423475641249006
AOI-0013,2017-04-28,0.36178618978431215
AOI-0013,2017-05-01,0.38860960884672285
AOI-0013,2017-05-21,0.6008105145827186
AOI-0013,2017-05-29,0.5147389061867262
AOI-0013,2017-06-30,0.6968969563945858
AOI-0013,2017-07-27,0.5252226318811647
AOI-0013,2017-08-08,0.40044349432879417
AOI-0013,2017-08-24,0.3760702408120969
AOI-0013,2017-09-13,0.4632720293601648
AOI-0013,2017-09-17,0.4908937181682467
AOI-0013,2017-09-30,0.4276900974220441
AOI-0013,2018-05-25,0.38198888912488327
AOI-0013,2018-06-08,0.40508608365507726
AOI-0013,2018-06-15,0.41995218485230745
AOI-0013,2018-07-12,0.4039148743571266
AOI-0013,2018-08-13,0.35951707390577753
AOI-0013,2018-08-27,0.3861547296785716
AOI-0013,2018-09-28,0.40122824440367355
AOI-0013,2018-10-06,0.44341979039168544
AOI-0013,2019-04-01,0.25139996028887707
AOI-0013,2019-05-06,0.39671837830477447
AOI-0013,2019-06-02,0.43677494466201344
AOI-0013,2019-06-05,0.4647782083329819
AOI-0013,2019-06-12,0.45718424742825164
AOI-0013,2019-06-25,0.4276309993753276
AOI-0013,2019-07-17,0.42376706205318737
AOI-0013,2019-07-28,0.5408782687673381
AOI-0013,2019-08-24,0.5193816188761826
AOI-0013,2019-08-31,0.5098198747398359
AOI-0013,2019-09-08,0.5192651383341808
AOI-0013,2019-09-13,0.477243304259155
AOI-0013,2019-10-02,0.5313249870811029
AOI-0013,2019-10-10,0.5289136461041504
AOI-0013,2019-10-17,0.4989495444895609
AOI-0013,2020-04-22,0.39271164948165915
AOI-0013,2020-05-12,0.36763504180304307
AOI-0013,2020-06-24,0.5067350716398208
AOI-0013,2020-06-26,0.5016242104699762
AOI-0013,2020-08-12,0.4755380517804711
AOI-0013,2020-08-15,0.38431244162149636
AOI-0013,2020-08-16,0.4565577554048755
AOI-0013,2020-08-20,0.4184455249259147
AOI-0013,2020-10-27,0.40759490073544197
AOI-0013,2021-04-23,0.538455358568545
AOI-0013,2021-06-10,0.5707541860187166
AOI-0013,2021-06-11,0.5210846175779773
AOI-0013,2021-06-21,0.5336695969527141
AOI-0013,2021-07-12,0.48325872879755427
AOI-0013,2021-07-14,0.5133455285067415
AOI-0013,2021-08-20,0.4518871323022507
AOI-0013,2021-10-14,0.4940647873559886
AOI-0013,2021-10-16,0.4564270496996092
AOI-0013,2022-04-02,0.5261233748135633
AOI-0013,2022-04-17,0.5924339514545334
AOI-0013,2022-04-24,0.5592569304273127
AOI-0013,2022-04-25,0.5400494094217231
AOI-0013,2022-06-10,0.44020393148903664
AOI-0013,2022-06-16,0.3849930001139289
AOI-0013,2022-06-26,0.4654558660921746
AOI-0013,2022-07-05,0.5173363784651425
AOI-0013,2022-07-17,0.5658949942972038
AOI-0013,2022-07-22,0.5332477707764022
AOI-0013,2022-08-14,0.5493446809068451
AOI-0013,2022-09-14,0.4317584333858909
AOI-0013,2022-10-07,0.4535175853503847
AOI-0013,2022-10-14,0.4731015052529252
AOI-0013,2023-04-10,0.3971642379347271
AOI-0013,2023-06-21,0.5515318710923577
AOI-0013,2023-06-29,0.5508286384598784
AOI-0013,2023-07-06,0.532679310056221
AOI-0013,2023-07-12,0.49731900792175854
AOI-0013,2023-07-24,0.4865526708902361
AOI-0013,2023-08-05,0.5462357295406768
AOI-0013,2023-08-20,0.5069143802892155
AOI-0013,2023-08-23,0.4961399055494204
AOI-0013,2023-08-26,0.5042091636720719
AOI-0013,2023-09-11,0.5317386949225396
AOI-0013,2023-09-14,0.48151344135125135
AOI-0013,2023-09-24,0.47621270070559585
AOI-0013,2023-10-05,0.438257029815224
AOI-0013,2023-10-14,0.38933050809849795
AOI-0013,2023-10-17,0.35374898339903216
AOI-0013,2023-10-19,0.3654395732581908
AOI-0013,2024-04-26,0.37652119578307885
AOI-0013,2024-05-04,0.5053045979640087
AOI-0013,2024-05-23,0.5423520137131409
AOI-0013,2024-05-24,0.5049730366231826
AOI-0013,2024-06-30,0.5108860457112623
AOI-0013,2024-07-02,0.5648434657164844
AOI-0013,2024-07-11,0.5278176576789037
AOI-0013,2024-07-26,0.4765647416018876
AOI-0013,2024-07-27,0.48990875551551677
AOI-0013,2024-08-09,0.47637425650484244
AOI-0013,2024-08-11,0.5391547623689987
AOI-0013,2024-09-03,0.46611898562008935
AOI-0013,2024-09-06,0.49579955188381025
AOI-0013,2024-09-26,0.4169898858535117
AOI-0013,2024-10-08,0.37997447931562206
AOI-0013,2025-04-01,0.42845974910035745
AOI-0013,2025-04-28,0.5024547096381833
AOI-0013,2025-05-16,0.49382660420720753
AOI-0013,2025-05-19,0.5335284003247813
AOI-0013,2025-05-24,0.5533674172746137
AOI-0013,2025-07-07,0.5187354568704465
AOI-0013,2025-07-08,0.5036352478516251
AOI-0013,2025-07-14,0.5176723652430294
AOI-0013,2025-07-21,0.5715379236030255
AOI-0013,2025-07-27,0.434688597365307
AOI-0013,2025-08-15,0.5124165057346614
AOI-0013,2025-09-03,0.4763137605907596
AOI-0013,2025-09-07,0.5158929417557779
AOI-0014,2010-04-07,0.6078049955645896
AOI-0014,2010-04-24,0.7233773552834575
AOI-0014,2010-06-10,0.764379979556933
AOI-0014,2010-09-23,0.16968166139318996
AOI-0014,2011-04-19,0.2045736099055899
AOI-0014,2011-04-26,0.20544413320477087
AOI-0014,2011-05-09,0.6488858660941504
AOI-0014,2011-05-28,0.6146538666877653
AOI-0014,2011-06-14,0.7669700773519438
AOI-0014,2011-08-01,0.4340360009114969
AOI-0014,2011-09-14,0.3061909420616044
AOI-0014,2011-09-17,0.17821299102448676
AOI-0014,2011-10-27,0.3206172412185066
AOI-0014,2012-05-06,0.6877058639043264
AOI-0014,2012-06-25,0.38827092572883803
AOI-0014,2012-08-28,0.33117520631997005
AOI-0014,2012-09-04,0.22392763260907336
AOI-0014,2012-09-11,0.21944900695474553
AOI-0014,2012-09-27,0.16522028480466466
AOI-0014,2013-05-09,0.3763286221741318
AOI-0014,2013-06-11,0.6615481394586932
AOI-0014,2013-06-19,0.7487018958062266
AOI-0014,2013-07-28,0.6629015997363457
AOI-0014,2013-09-14,0.36547379486346826
AOI-0014,2013-09-23,0.22238881115431758
AOI-0014,2014-06-26,0.43581959063129705
AOI-0014,2014-06-29,0.31491363389298827
AOI-0014,2014-08-17,0.25544637889260424
AOI-0014,2014-09-30,0.31118027766243367
AOI-0014,2014-10-27,0.22441010831857638
AOI-0014,2015-04-14,0.3884580710968627
AOI-0014,2015-06-16,0.6073796319849688
AOI-0014,2015-06-26,0.4565293843020127
AOI-0014,2015-07-12,0.36677474877748234
AOI-0014,2015-07-27,0.29709542849027043
AOI-0014,2015-08-28,0.19546443686726903
AOI-0014,2016-04-22,0.38911103857494395
AOI-0014,2016-05-09,0.3362697203216846
AOI-0014,2016-06-03,0.7274350415708825
AOI-0014,2016-06-19,0.8379414195132269
AOI-0014,2016-08-13,0.4560913729750592
AOI-0014,2016-08-30,0.28160507799233464
AOI-0014,2017-04-26,0.7917515098383253
AOI-0014,2017-04-28,0.7929806356895486
AOI-0014,2017-05-21,0.8856548115663052
AOI-0014,2017-05-29,0.8572609207318652
AOI-0014,2017-07-23,0.20891132435081944
AOI-0014,2017-07-31,0.26466736319847073
AOI-0014,2017-08-06,0.15323021345646404
AOI-0014,2017-08-21,0.14291700005451052
AOI-0014,2017-09-10,0.1546994180609763
AOI-0014,2017-09-30,0.26476307648054526
AOI-0014,2017-10-08,0.18509751902458757
AOI-0014,2018-04-07,0.553595905289644
AOI-0014,2018-05-03,0.7989038589350644
AOI-0014,2018-06-24,0.22354107406273038
AOI-0014,2018-07-18,0.2453356106117969
AOI-0014,2018-08-27,0.1546603290103994
AOI-0014,2018-10-06,0.23879746141254066
AOI-0014,2019-04-01,0.2497776549442902
AOI-0014,2019-04-21,0.2367724751845693
AOI-0014,2019-05-01,0.1822729903723667
AOI-0014,2019-05-09,0.5154645803712091
AOI-0014,2019-05-27,0.7258413216344362
AOI-0014,2019-05-28,0.6828487742655338
AOI-0014,2019-06-04,0.7943986554117967
AOI-0014,2019-06-11,0.8321509546299404
AOI-0014,2019-06-15,0.7986020969601452
AOI-0014,2019-06-22,0.820897586516815
AOI-0014,2019-07-06,0.6693032129229399
AOI-0014,2019-08-14,0.3411360937619152
AOI-0014,2019-08-26,0.2007408674183092
AOI-0014,2020-04-06,0.7033275745495544
AOI-0014,2020-04-07,0.7010146015688157
AOI-0014,2020-04-17,0.6957018276763743
AOI-0014,2020-04-22,0.6453066128282609
AOI-0014,2020-04-25,0.7241066686271043
AOI-0014,2020-05-15,0.5459512534795005
AOI-0014,2020-05-17,0.6449758324305808
AOI-0014,2020-06-04,0.6315293910398673
AOI-0014,2020-06-25,0.2775228788964758
AOI-0014,2020-07-11,0.19881675062780163
AOI-0014,2020-07-27,0.26007391902052973
AOI-0014,2020-08-16,0.1670302403787215
AOI-0014,2020-09-09,0.1874202201891369
AOI-0014,2020-09-24,0.1444058953895294
AOI-0014,2021-04-07,0.508815745198341
AOI-0014,2021-04-29,0.6422286965892833
AOI-0014,2021-05-25,0.8558209566851221
AOI-0014,2021-08-13,0.24761753369252912
AOI-0014,2021-08-18,0.23134490103318758
AOI-0014,2021-09-14,0.19842079174386537
AOI-0014,2021-10-12,0.07917268441724717
AOI-0014,2021-10-14,0.19440339143685137
AOI-0014,2022-05-15,0.20768392275892644
AOI-0014,2022-05-26,0.31687791984512487
AOI-0014,2022-05-27,0.36644560563577744
AOI-0014,2022-06-24,0.7449583185117399
AOI-0014,2022-07-14,0.832526783084556
AOI-0014,2022-07-24,0.7368759047268323
AOI-0014,2022-08-22,0.33123823533335234
AOI-0014,2022-08-29,0.30119166758518684
AOI-0014,2022-09-02,0.19852176101331612
AOI-0014,2022-09-08,0.2297220588068908
AOI-0014,2022-09-14,0.23761566647683136
AOI-0014,2023-06-07,0.8530625258328651
AOI-0014,2023-08-10,0.1638151385526168
AOI-0014,2024-04-04,0.7265706787251357
AOI-0014,2024-05-08,0.8440252781686521
AOI-0014,2024-05-09,0.8526503632970243
AOI-0014,2024-05-21,0.8465917609533294
AOI-0014,2024-05-23,0.8692279020542482
AOI-0014,2024-06-08,0.5196412432267694
AOI-0014,2024-07-25,0.19913650579876807
AOI-0014,2024-08-11,0.2050200189247653
AOI-0014,2024-09-01,0.13368907869413152
AOI-0014,2024-09-08,0.15308345335417012
AOI-0014,2024-09-11,0.13525066144908576
AOI-0014,2024-09-18,0.15248669146936178
AOI-0014,2024-09-29,0.1902836455495293
AOI-0014,2024-10-07,0.19816397666792404
AOI-0014,2024-10-30,0.23814489525838245
AOI-0014,2025-04-23,0.3333718348168262
AOI-0014,2025-05-01,0.22774912745269166
AOI-0014,2025-05-27,0.45057294231869094
AOI-0014,2025-06-13,0.51414380979433
AOI-0014,2025-08-12,0.2817123062415161
AOI-0014,2025-08-15,0.33092989829672387
AOI-0014,2025-08-24,0.1899851309413965
AOI-0014,2025-09-11,0.15350196283398268
AOI-0014,2025-09-14,0.27686665876081806
AOI-0014,2025-09-23,0.17448955603493935
AOI-0014,2025-09-24,0.22154281780578902
AOI-0015,2025-05-04,0.3745441618929366
AOI-0015,2025-05-27,0.5101232904143898
AOI-0015,2025-06-07,0.4416766644732983
AOI-0015,2025-07-03,0.22183105157309
AOI-0015,2025-07-05,0.3567113500998194
AOI-0015,2025-07-08,0.3287667214372237
AOI-0015,2025-07-13,0.27324029134104605
AOI-0015,2025-07-15,0.25598867570116274
AOI-0015,2025-07-18,0.2576970679837008
AOI-0015,2025-07-21,0.35469147406883156
AOI-0015,2025-07-23,0.28431253405363377
AOI-0015,2025-09-07,0.236195986153917
AOI-0015,2025-10-13,0.18886652629569323
AOI-0015,2025-10-16,0.32884530015238356
AOI-0015,2025-10-18,0.24944287795336045
AOI-0016,2025-04-19,0.30616720314221796
AOI-0016,2025-05-25,0.4424221470062795
AOI-0016,2025-06-11,0.5682947156022068
AOI-0016,2025-06-26,0.7513685116250022
AOI-0016,2025-07-10,0.7403112010216412
AOI-0016,2025-07-17,0.7070897041554776
AOI-0016,2025-07-18,0.7244416603074306
AOI-0016,2025-08-19,0.3406719843098277
AOI-0016,2025-08-29,0.3297390449642464
AOI-0016,2025-10-17,0.24707008409400033
AOI-0017,2010-06-10,0.578292365187323
AOI-0017,2010-07-29,0.629176783030357
AOI-0017,2010-09-23,0.3498584238683463
AOI-0017,2011-04-18,0.3395062526659946
AOI-0017,2011-09-17,0.5254287291753961
AOI-0017,2011-09-26,0.5413708219864241
AOI-0017,2011-09-30,0.45792315467927347
AOI-0017,2011-10-11,0.4885882494262619
AOI-0017,2011-10-27,0.49038395730873674
AOI-0017,2012-07-18,0.5918155584900363
AOI-0017,2012-07-27,0.5359837028267236
AOI-0017,2012-08-28,0.4721121943087598
AOI-0017,2012-09-29,0.47677808299512603
AOI-0017,2013-05-25,0.6684610813326447
AOI-0017,2013-07-12,0.5238346010098465
AOI-0017,2013-08-14,0.4267852331055411
AOI-0017,2013-09-14,0.6161250050398897
AOI-0017,2013-09-30,0.5412961384023249
AOI-0017,2013-10-09,0.6495140298686976
AOI-0017,2013-10-25,0.5902132950838581
AOI-0017,2014-04-23,0.7174717425704115
AOI-0017,2014-06-06,0.5976199557723348
AOI-0017,2014-07-24,0.4526413131487915
AOI-0017,2014-10-04,0.43630779710336154
AOI-0017,2015-04-23,0.5055865679220309
AOI-0017,2015-04-30,0.3853702505802396
AOI-0017,2015-07-11,0.7354398513217695
AOI-0017,2015-07-27,0.6329419622478136
AOI-0017,2015-08-03,0.5488846849228778
AOI-0017,2015-08-29,0.44911016419131816
AOI-0017,2015-10-16,0.48781231136019126
AOI-0017,2016-04-06,0.5301512147784012
AOI-0017,2016-04-07,0.4459215004402847
AOI-0017,2016-06-18,0.5654601915841085
AOI-0017,2016-07-05,0.547843311410303
AOI-0017,2016-07-27,0.586229520408341
AOI-0017,2016-08-21,0.5238813486691039
AOI-0017,2016-09-15,0.5509790517985522
AOI-0017,2016-10-15,0.5283183236265586
AOI-0017,2016-10-17,0.5715430870019365
AOI-0017,2017-06-06,0.6325787551224734
AOI-0017,2017-07-31,0.7119301957333126
AOI-0017,2017-08-01,0.6514075039164919
AOI-0017,2017-09-02,0.5606473064466266
AOI-0017,2018-04-05,0.4069005498934734
AOI-0017,2018-05-09,0.6272760976971122
AOI-0017,2018-05-23,0.586894364562669
AOI-0017,2018-06-20,0.5182971071019213
AOI-0017,2018-07-11,0.4866628931358898
AOI-0017,2018-07-12,0.5044483877445373
AOI-0017,2019-04-25,0.461553193550533
AOI-0017,2019-04-28,0.5024467930142107
AOI-0017,2019-05-13,0.4950016292410756
AOI-0017,2019-05-18,0.5824676635102477
AOI-0017,2019-05-28,0.6414582804343129
AOI-0017,2019-06-04,0.6498318708189763
AOI-0017,2019-06-12,0.6724783910066038
AOI-0017,2019-06-17,0.6121344527803455
AOI-0017,2019-07-17,0.5713342795558389
AOI-0017,2019-08-06,0.6298315342498295
AOI-0017,2019-08-11,0.6483095861258705
AOI-0017,2019-08-24,0.482225386399727
AOI-0017,2019-08-29,0.5612622249062719
AOI-0017,2019-08-31,0.5250655901636413
AOI-0017,2019-09-13,0.5195825605221548
AOI-0017,2020-04-25,0.35552441469158197
AOI-0017,2020-04-30,0.4063592052795401
AOI-0017,2020-05-08,0.6196218170116975
AOI-0017,2020-06-06,0.6140745108588385
AOI-0017,2020-06-26,0.5447362188706174
AOI-0017,2020-07-26,0.4339861819518004
AOI-0017,2020-08-18,0.447038832363277
AOI-0017,2020-09-02,0.4695736675113918
AOI-0017,2020-09-04,0.47017486861947033
AOI-0017,2020-09-09,0.4966806860604639
AOI-0017,2020-09-10,0.4574164726918293
AOI-0017,2020-09-19,0.4354710142416437
AOI-0017,2020-10-12,0.36910913581624516
AOI-0017,2021-04-07,0.3756652793739424
AOI-0017,2021-05-20,0.5496067456958524
AOI-0017,2021-07-02,0.6206761963338333
AOI-0017,2021-08-29,0.4894838838074979
AOI-0017,2021-09-04,0.5226336949272187
AOI-0017,2021-09-27,0.47728641923612974
AOI-0017,2021-10-06,0.4361276005656938
AOI-0017,2021-10-27,0.5422222969921994
AOI-0017,2022-04-17,0.6577678050042337
AOI-0017,2022-04-23,0.681679015874384
AOI-0017,2022-05-26,0.6595247174534101
AOI-0017,2022-05-27,0.6272534851021525
AOI-0017,2022-06-03,0.6245268425593644
AOI-0017,2022-06-11,0.5724378282102495
AOI-0017,2022-06-30,0.639646439673847
AOI-0017,2022-07-12,0.5873208893696855
AOI-0017,2022-07-19,0.5684391199013843
AOI-0017,2022-07-24,0.5182911373888304
AOI-0017,2022-08-07,0.5803348289629063
AOI-0017,2022-08-14,0.5383282146224533
AOI-0017,2022-08-15,0.5158271783452438
AOI-0017,2022-08-23,0.535517205052731
AOI-0017,2022-08-30,0.5001934622085621
AOI-0017,2022-09-17,0.4129208269347361
AOI-0017,2022-10-19,0.5348535113052038
AOI-0017,2023-04-02,0.46693429562489
AOI-0017,2023-05-06,0.6221387508163094
AOI-0017,2023-06-11,0.5741044398502185
AOI-0017,2023-06-19,0.7022587385592588
AOI-0017,2023-06-22,0.6605938595420421
AOI-0017,2023-07-24,0.6136692792643902
AOI-0017,2023-09-19,0.4611711043559494
AOI-0017,2023-10-12,0.34305944189896337
AOI-0017,2023-10-16,0.32726369587383725
AOI-0017,2023-10-21,0.22962692376283672
AOI-0017,2024-04-04,0.5309552393688993
AOI-0017,2024-06-05,0.24530792771865628
AOI-0017,2024-06-13,0.23394959924962283
AOI-0017,2024-06-28,0.2738850267124903
AOI-0017,2024-07-19,0.3000175389659434
AOI-0017,2024-08-22,0.18153848924126273
AOI-0017,2024-09-01,0.24954423964469957
AOI-0017,2024-09-21,0.2728969402795059
AOI-0017,2024-09-29,0.29102856030204616
AOI-0017,2024-10-08,0.18244407575967167
AOI-0017,2024-10-22,0.3608961052837552
AOI-0017,2025-05-04,0.8650186231128576
AOI-0017,2025-05-27,0.798378117330795
AOI-0017,2025-06-07,0.6202608707151185
AOI-0017,2025-06-28,0.32277013397819815
AOI-0017,2025-07-07,0.280360039630907
AOI-0017,2025-08-23,0.25571538513487946
AOI-0017,2025-09-01,0.1741400550837059
AOI-0017,2025-10-02,0.29195773853590173
AOI-0018,2025-04-19,0.8334027019439096
AOI-0018,2025-05-27,0.671928427877128
AOI-0018,2025-06-13,0.3249643670177911
AOI-0018,2025-06-15,0.28439100460494193
AOI-0018,2025-07-05,0.2797995427482506
AOI-0018,2025-07-07,0.2540513765019658
AOI-0018,2025-07-14,0.3150995804582487
AOI-0018,2025-07-21,0.3791370688483206
AOI-0018,2025-08-19,0.19176592087790093
AOI-0018,2025-08-27,0.17319213536842482
AOI-0018,2025-09-08,0.14382962735374696
AOI-0018,2025-09-24,0.23812809748887184
AOI-0018,2025-10-17,0.25095779323065426
AOI-0019,2025-04-14,0.49261127383113673
AOI-0019,2025-04-17,0.5623911102503566
AOI-0019,2025-04-28,0.5804632026572799
AOI-0019,2025-05-14,0.569258525053835
AOI-0019,2025-05-25,0.6312853784189052
AOI-0019,2025-06-15,0.4062205264898192
AOI-0019,2025-06-27,0.4662977715041577
AOI-0019,2025-06-30,0.3768150764981821
AOI-0019,2025-07-10,0.3265185371734622
AOI-0019,2025-07-14,0.32095416204488775
AOI-0019,2025-08-14,0.37420459999171646
AOI-0019,2025-08-31,0.25544505416273666
AOI-0019,2025-09-15,0.23755903218950844
AOI-0019,2025-09-23,0.23857865459905145
AOI-0019,2025-09-24,0.2626346208219868
AOI-0019,2025-10-18,0.19084460420604443
AOI-0020,2025-04-18,0.27229969297368034
AOI-0020,2025-04-23,0.4920313806225577
AOI-0020,2025-05-03,0.4358640719091304
AOI-0020,2025-06-03,0.6411806097829931
AOI-0020,2025-06-11,0.5610355932227292
AOI-0020,2025-07-12,0.39399865209736046
AOI-0020,2025-07-21,0.4432720012130378
AOI-0020,2025-07-29,0.34396071368646663
AOI-0020,2025-07-30,0.29574302514731016
AOI-0020,2025-08-19,0.2258755565545522
AOI-0020,2025-10-13,0.13978681932684908
AOI-0021,2025-04-28,0.4021052931162618
AOI-0021,2025-05-27,0.5884162110549456
AOI-0021,2025-06-03,0.6069914070125341
AOI-0021,2025-07-06,0.38884147693035037
AOI-0021,2025-07-18,0.3043789420822745
AOI-0021,2025-07-29,0.3836694710871648
AOI-0021,2025-08-07,0.28519013979842195
AOI-0021,2025-08-22,0.23313206370790193
AOI-0021,2025-08-30,0.27454868299271407
AOI-0021,2025-09-15,0.22557682823297043
AOI-0021,2025-09-24,0.25954314210622836
AOI-0021,2025-10-03,0.18658606479604908
AOI-0022,2025-04-01,0.46352660858226635
AOI-0022,2025-05-03,0.8416703777945668
AOI-0022,2025-05-06,0.8025767401772526
AOI-0022,2025-05-25,0.8387868858019393
AOI-0022,2025-05-28,0.8584420362008685
AOI-0022,2025-07-08,0.19619860487744104
AOI-0022,2025-07-17,0.1330706329702416
AOI-0022,2025-07-21,0.22314142453258073
AOI-0022,2025-08-27,0.1581708748712468
AOI-0022,2025-08-31,0.1890109085169602
AOI-0022,2025-09-23,0.15203084401475858
AOI-0022,2025-09-24,0.1889944052842814
AOI-0022,2025-09-30,0.24170296408759964
AOI-0023,2025-04-16,0.1756531606598711
AOI-0023,2025-04-17,0.19600324304878763
AOI-0023,2025-04-24,0.21339481905429583
AOI-0023,2025-05-01,0.2146864093442257
AOI-0023,2025-05-04,0.22582862761055578
AOI-0023,2025-06-27,0.7627500796021829
AOI-0023,2025-07-05,0.6864120284248635
AOI-0023,2025-07-14,0.38243921005207104
AOI-0023,2025-07-15,0.3221318617257971
AOI-0023,2025-08-14,0.15245783937455665
AOI-0023,2025-08-22,0.14823864456375122
AOI-0023,2025-08-30,0.1930312701644549
AOI-0023,2025-09-21,0.1385976147755203
AOI-0023,2025-09-23,0.16702223186012705
AOI-0023,2025-10-17,0.22908970395642503
AOI-0024,2025-04-07,0.3603374848996367
AOI-0024,2025-04-23,0.34352536049435217
AOI-0024,2025-05-25,0.41668044985674313
AOI-0024,2025-05-28,0.2314008446473406
AOI-0024,2025-06-05,0.3489178699465699
AOI-0024,2025-07-03,0.4906207890154029
AOI-0024,2025-07-21,0.3128823672685538
AOI-0024,2025-07-25,0.35291680319859464
AOI-0024,2025-08-06,0.31771916303750386
AOI-0024,2025-08-09,0.25344890676580467
AOI-0024,2025-09-14,0.31937935103361476
AOI-0024,2025-09-21,0.18847697455925777
AOI-0024,2025-09-30,0.2486362821473327
AOI-0024,2025-10-02,0.19100522955022653
AOI-0024,2025-10-18,0.12640142266397486
AOI-0025,2025-04-14,0.18393307141914375
AOI-0025,2025-04-23,0.35209786905741536
AOI-0025,2025-04-24,0.19061919929721785
AOI-0025,2025-04-29,0.2208144669324424
AOI-0025,2025-05-09,0.30634106863736676
AOI-0025,2025-06-03,0.26302287873452934
AOI-0025,2025-06-13,0.2017494948011442
AOI-0025,2025-06-27,0.23773678345363985
AOI-0025,2025-07-21,0.2508670674672399
AOI-0025,2025-08-07,0.152948059923831
AOI-0025,2025-08-30,0.225996198454959
AOI-0025,2025-09-07,0.22976878781232632
AOI-0025,2025-09-14,0.2968273806955264
AOI-0025,2025-10-17,0.4441147054696617
AOI-0026,2025-04-07,0.6369536312208187
AOI-0026,2025-04-24,0.8532666605547556
AOI-0026,2025-05-09,0.84157673120536
AOI-0026,2025-06-13,0.7152898670894128
AOI-0026,2025-07-08,0.25137461501852726
AOI-0026,2025-07-10,0.22312795984151243
AOI-0026,2025-07-12,0.2549020985104831
AOI-0026,2025-07-13,0.17220760718741565
AOI-0026,2025-07-18,0.14669805546018105
AOI-0026,2025-07-30,0.13840143428422216
AOI-0026,2025-08-19,0.1407559935650872
AOI-0026,2025-09-08,0.09973657757350526
AOI-0026,2025-09-23,0.15736061407340907
AOI-0026,2025-09-30,0.27358780073932265
AOI-0027,2025-04-16,0.7640772606679561
AOI-0027,2025-04-24,0.8190145461193125
AOI-0027,2025-06-13,0.5885696004406672
AOI-0027,2025-06-27,0.37687085337560305
AOI-0027,2025-07-05,0.3435120310053785
AOI-0027,2025-07-12,0.40809101464483455
AOI-0027,2025-07-13,0.24280673362580557
AOI-0027,2025-07-23,0.24575231086902133
AOI-0027,2025-07-29,0.3193797972191977
AOI-0027,2025-08-19,0.2696302867429397
AOI-0027,2025-08-30,0.2744517762526889
AOI-0027,2025-09-16,0.26634492007577565
AOI-0027,2025-10-16,0.5728810594980404
AOI-0028,2010-04-07,0.7386543393386091
AOI-0028,2010-04-15,0.766997607381348
AOI-0028,2010-10-24,0.1505708590845469
AOI-0028,2011-05-25,0.4498536360373226
AOI-0028,2011-07-28,0.6238207029155878
AOI-0028,2011-08-08,0.5604200064954631
AOI-0028,2011-10-11,0.18189554469832697
AOI-0028,2012-04-22,0.790555102786683
AOI-0028,2012-09-27,0.15093712749712276
AOI-0028,2012-10-15,0.2850151882493991
AOI-0028,2013-04-07,0.30908231168647826
AOI-0028,2013-06-10,0.25247350663328677
AOI-0028,2013-06-26,0.21388683484138074
AOI-0028,2013-08-29,0.2844317392791922
AOI-0028,2014-04-07,0.7554081147378435
AOI-0028,2014-05-04,0.8863699396583006
AOI-0028,2014-07-28,0.2823989972598224
AOI-0028,2014-10-11,0.20249318594930601
AOI-0028,2015-04-13,0.1728754008026347
AOI-0028,2015-08-27,0.3118395256672801
AOI-0028,2015-09-28,0.19791986980439197
AOI-0028,2016-04-07,0.6616600283851166
AOI-0028,2016-04-23,0.8317848881890233
AOI-0028,2016-06-09,0.7201948768300674
AOI-0028,2016-06-10,0.7396165475967285
AOI-0028,2016-06-25,0.38343362111664697
AOI-0028,2016-07-27,0.2578461951516439
AOI-0028,2016-09-06,0.15273872459346324
AOI-0028,2017-04-26,0.2795024091789515
AOI-0028,2017-07-23,0.1586461482707969
AOI-0028,2017-08-09,0.15432471130854708
AOI-0028,2017-08-13,0.25370772416253917
AOI-0028,2017-08-29,0.15670208313487638
AOI-0028,2017-09-17,0.27026538941151385
AOI-0028,2018-05-11,0.861740471885411
AOI-0028,2018-08-19,0.21986558859156644
AOI-0028,2018-08-29,0.2088082236336085
AOI-0028,2018-09-12,0.18108750031645754
AOI-0028,2018-10-08,0.15807215507289213
AOI-0028,2019-04-06,0.16106544755043448
AOI-0028,2019-05-02,0.2458382513714548
AOI-0028,2019-05-25,0.3914236982677901
AOI-0028,2019-06-27,0.16223256790119248
AOI-0028,2019-08-09,0.19963868611791089
AOI-0028,2019-08-24,0.12102746447167519
AOI-0028,2019-10-17,0.5827940776546867
AOI-0028,2020-04-25,0.8442329281924609
AOI-0028,2020-05-04,0.8644876377457293
AOI-0028,2020-05-08,0.8544064773428626
AOI-0028,2020-05-30,0.8213565731844022
AOI-0028,2020-07-14,0.17707208073547487
AOI-0028,2020-08-03,0.13929860869561453
AOI-0028,2020-08-08,0.1394419138527355
AOI-0028,2020-09-02,0.1511148147483631
AOI-0028,2020-09-13,0.24455559190673706
AOI-0028,2021-06-14,0.7292287538400856
AOI-0028,2021-06-16,0.7656483302343999
AOI-0028,2021-06-24,0.8250750155687784
AOI-0028,2021-06-26,0.7650096974823903
AOI-0028,2021-07-24,0.7290794800322048
AOI-0028,2021-10-27,0.375297103432267
AOI-0028,2022-04-07,0.6827282852525657
AOI-0028,2022-04-23,0.8287559966457339
AOI-0028,2022-06-09,0.8680448880871569
AOI-0028,2022-06-29,0.34378275687107307
AOI-0028,2022-07-28,0.25650567683960246
AOI-0028,2022-08-03,0.0993566722702917
AOI-0028,2022-08-08,0.15022275881576033
AOI-0028,2022-08-30,0.1511148639260625
AOI-0028,2022-10-01,0.2008096320493025
AOI-0028,2023-04-07,0.407927808273622
AOI-0028,2023-04-11,0.2055456114897416
AOI-0028,2023-05-05,0.2279764841762506
AOI-0028,2023-05-09,0.4918028062774945
AOI-0028,2023-06-09,0.27435670402577456
AOI-0028,2023-08-06,0.21679248937348275
AOI-0028,2023-08-23,0.14220803121593828
AOI-0028,2023-08-29,0.1956230803524747
AOI-0028,2023-09-22,0.16546886283855572
AOI-0028,2023-09-24,0.17791333214337773
AOI-0028,2023-09-30,0.324977432217234
AOI-0028,2024-05-07,0.8949740423240364
AOI-0028,2024-05-23,0.8382720347363796
AOI-0028,2024-05-24,0.8038868628327106
AOI-0028,2024-07-27,0.1953220676902311
AOI-0028,2024-08-03,0.1766646049510907
AOI-0028,2024-08-12,0.13956740531763925
AOI-0028,2024-09-11,0.1190838618019348
AOI-0028,2024-09-16,0.1321121880350967
AOI-0028,2025-04-07,0.42346478371067986
AOI-0028,2025-05-24,0.5953796620793781
AOI-0028,2025-05-31,0.6162850110251561
AOI-0028,2025-06-11,0.7224063968925447
AOI-0028,2025-06-26,0.5827386829282084
AOI-0028,2025-06-27,0.5852426374053292
AOI-0028,2025-07-10,0.3129393107176704
AOI-0028,2025-07-13,0.2623393210245624
AOI-0028,2025-07-23,0.18706880858955763
AOI-0028,2025-08-13,0.2136039055283661
AOI-0028,2025-09-08,0.11813196886667367
AOI-0028,2025-09-11,0.14213841078497827
AOI-0028,2025-10-16,0.2520511620239847
AOI-0028,2025-10-28,0.21968163440303112
AOI-0029,2025-04-04,0.5351058091414643
AOI-0029,2025-04-24,0.8243513561423698
AOI-0029,2025-06-08,0.6966366649213818
AOI-0029,2025-06-10,0.599547315510648
AOI-0029,2025-06-11,0.6654434097265884
AOI-0029,2025-06-13,0.568163441514523
AOI-0029,2025-07-29,0.17445595698263303
AOI-0029,2025-08-02,0.13049268797975536
AOI-0029,2025-08-19,0.12570720731070992
AOI-0029,2025-09-11,0.12443717363607071
AOI-0029,2025-09-16,0.13849829999016197
AOI-0030,2025-04-21,0.5627215861173275
AOI-0030,2025-04-24,0.5582827964384564
AOI-0030,2025-06-10,0.700431679413332
AOI-0030,2025-08-07,0.6588622329044702
AOI-0031,2010-06-04,0.5466636212391883
AOI-0031,2010-09-14,0.19837862424573974
AOI-0031,2011-04-23,0.35554129484354324
AOI-0031,2011-06-10,0.49373970839875564
AOI-0031,2011-07-09,0.25483998132077806
AOI-0031,2011-08-11,0.17909298184999167
AOI-0031,2011-08-18,0.1970821997436725
AOI-0031,2011-08-19,0.1966396254296461
AOI-0031,2011-09-19,0.24010459878909463
AOI-0031,2012-04-06,0.2560321254536852
AOI-0031,2012-04-15,0.1801707280332644
AOI-0031,2013-04-07,0.5208774154630158
AOI-0031,2013-05-09,0.6590651197918187
AOI-0031,2013-05-12,0.6514578887417481
AOI-0031,2013-05-25,0.4989024482959995
AOI-0031,2013-06-12,0.23003368589218076
AOI-0031,2013-06-28,0.17617357081970986
AOI-0031,2013-07-23,0.19306470042742568
AOI-0031,2013-08-13,0.27295427175268744
AOI-0031,2013-10-16,0.31568025059023397
AOI-0031,2014-05-23,0.3646201546750194
AOI-0031,2014-06-23,0.30253364256383103
AOI-0031,2014-07-17,0.17547741460383418
AOI-0031,2014-07-28,0.2082004902147473
AOI-0031,2014-08-02,0.15726695832448387
AOI-0031,2014-08-13,0.20823912663316427
AOI-0031,2014-10-14,0.1546616042481843
AOI-0031,2015-09-22,0.21093214890233528
AOI-0031,2015-10-16,0.22781025683765857
AOI-0031,2016-04-01,0.23701028745433936
AOI-0031,2016-04-17,0.4048044070233389
AOI-0031,2016-04-22,0.5838264823778962
AOI-0031,2016-05-03,0.653957224627793
AOI-0031,2016-05-24,0.7849655896612189
AOI-0031,2016-06-09,0.6203128150237165
AOI-0031,2016-06-12,0.6282343927251668
AOI-0031,2016-06-20,0.3187190584287191
AOI-0031,2016-06-25,0.345606380311968
AOI-0031,2016-07-30,0.2684801492897823
AOI-0031,2017-05-06,0.6819583813914428
AOI-0031,2017-06-07,0.6336646122437375
AOI-0031,2017-08-03,0.18007515552463174
AOI-0031,2017-08-13,0.2102277629930682
AOI-0031,2017-09-04,0.17386048601018228
AOI-0031,2017-09-22,0.3032429456119331
AOI-0031,2018-04-23,0.6423170142042819
AOI-0031,2018-05-02,0.6833620902562365
AOI-0031,2018-05-18,0.6079206853670653
AOI-0031,2018-06-03,0.2854862472802945
AOI-0031,2018-06-10,0.22041178284694296
AOI-0031,2018-06-11,0.22609009180368836
AOI-0031,2018-07-13,0.30608699683942825
AOI-0031,2018-09-06,0.23397795297034726
AOI-0031,2018-09-14,0.2019955705507922
AOI-0031,2018-10-07,0.2061044247805558
AOI-0031,2018-10-12,0.24163009571970162
AOI-0031,2019-04-10,0.4372617429813236
AOI-0031,2019-06-14,0.17873575981845333
AOI-0031,2019-06-22,0.15632239631637768
AOI-0031,2019-07-09,0.15743279124778517
AOI-0031,2019-07-23,0.30930636319452715
AOI-0031,2019-08-08,0.4679876021699129
AOI-0031,2019-08-31,0.2577320495257476
AOI-0031,2019-09-17,0.18824721749237117
AOI-0031,2019-10-03,0.2545544043466952
AOI-0031,2019-10-10,0.3741751878396364
AOI-0031,2019-10-12,0.21460182848890033
AOI-0031,2019-10-22,0.5266504571487128
AOI-0031,2020-04-13,0.43690664055532163
AOI-0031,2020-06-01,0.4872078449936772
AOI-0031,2020-06-06,0.5215810432946373
AOI-0031,2020-07-11,0.15872526083877453
AOI-0031,2020-07-18,0.13283296489236524
AOI-0031,2020-07-28,0.1333958037294524
AOI-0031,2020-08-07,0.13885291921009232
AOI-0031,2020-08-17,0.15080485419797593
AOI-0031,2020-08-22,0.13275923237493642
AOI-0031,2020-09-27,0.14162455884593858
AOI-0031,2020-10-13,0.13920398161374473
AOI-0031,2020-10-19,0.10437661267911785
AOI-0031,2020-10-21,0.15683941479553826
AOI-0031,2021-04-07,0.19771660182853368
AOI-0031,2021-05-17,0.2768802629499722
AOI-0031,2021-06-11,0.18203032977163006
AOI-0031,2021-07-01,0.12436527729888186
AOI-0031,2021-07-16,0.10277004689352984
AOI-0031,2021-07-21,0.13266156025547657
AOI-0031,2021-08-06,0.16732781952387948
AOI-0031,2021-08-25,0.161158875026446
AOI-0031,2021-08-30,0.14986363919706142
AOI-0031,2022-05-14,0.8665404162313948
AOI-0031,2022-06-10,0.6566227316971984
AOI-0031,2022-06-11,0.6794729834262426
AOI-0031,2022-06-20,0.395852325526534
AOI-0031,2022-06-21,0.34533106350859943
AOI-0031,2022-07-08,0.16693443579214853
AOI-0031,2022-07-12,0.2068316996267583
AOI-0031,2022-09-08,0.145292813235224
AOI-0031,2022-09-09,0.11538140230520025
AOI-0031,2022-09-10,0.15668634456027336
AOI-0031,2022-09-11,0.13163966688751264
AOI-0031,2022-09-26,0.1487773408972435
AOI-0031,2022-09-29,0.13392972863162342
AOI-0031,2023-04-04,0.31837227489927156
AOI-0031,2023-04-27,0.42886900709278475
AOI-0031,2023-05-17,0.4376809609363946
AOI-0031,2023-06-17,0.3240564559405731
AOI-0031,2023-06-23,0.2875075974712599
AOI-0031,2023-06-26,0.25725285620048427
AOI-0031,2023-07-11,0.2580345602734631
AOI-0031,2023-08-15,0.26153373851079686
AOI-0031,2023-09-19,0.17414903459409609
AOI-0031,2023-09-20,0.2190398143792748
AOI-0031,2023-09-30,0.2758282569863775
AOI-0031,2023-10-15,0.1819673808446778
AOI-0031,2023-10-24,0.1467891386278275
AOI-0031,2024-05-03,0.21715855319625293
AOI-0031,2024-06-02,0.20167173548474146
AOI-0031,2024-07-02,0.13803943257622822
AOI-0031,2024-07-10,0.13780213798992114
AOI-0031,2024-07-13,0.16443110235567884
AOI-0031,2024-08-09,0.12978044420337442
AOI-0031,2024-08-16,0.1349799503103561
AOI-0031,2024-08-26,0.13224911943067308
AOI-0031,2025-04-19,0.5199626210425349
AOI-0031,2025-04-23,0.5732405667462628
AOI-0031,2025-06-21,0.5048217180261719
AOI-0031,2025-07-12,0.2584530009455344
AOI-0031,2025-07-15,0.19834943902062957
AOI-0031,2025-08-06,0.19313566293925938
AOI-0031,2025-08-09,0.15861591634576513
AOI-0031,2025-09-08,0.13948293548231233
AOI-0031,2025-09-15,0.1623210950488552
AOI-0031,2025-09-17,0.18474067802754954
AOI-0031,2025-10-02,0.20356716448227566
AOI-0031,2025-10-22,0.18169138613448224
AOI-0032,2010-06-04,0.2395446701039199
AOI-0032,2010-06-10,0.28438703533423776
AOI-0032,2010-06-20,0.17748373231457984
AOI-0032,2010-07-12,0.23217944064214077
AOI-0032,2010-08-16,0.15015052078296148
AOI-0032,2010-09-14,0.21069817846687383
AOI-0032,2010-09-30,0.22861588679056014
AOI-0032,2011-07-12,0.2758589642867441
AOI-0032,2011-08-29,0.30941823428631643
AOI-0032,2011-09-11,0.15823360305906867
AOI-0032,2011-09-28,0.16047686787232185
AOI-0032,2012-04-06,0.2575437694636049
AOI-0032,2012-05-01,0.4961189339941964
AOI-0032,2012-06-25,0.3179201194676567
AOI-0032,2012-10-08,0.13950901669675655
AOI-0032,2013-05-19,0.4253638827636847
AOI-0032,2013-05-20,0.39990209407955024
AOI-0032,2013-06-10,0.3403502430960782
AOI-0032,2013-06-12,0.28362082852664683
AOI-0032,2013-06-13,0.3173717050142409
AOI-0032,2013-07-22,0.37190261215711895
AOI-0032,2013-07-30,0.3051016706847011
AOI-0032,2013-08-13,0.2864915769696851
AOI-0032,2013-08-29,0.2139952618939782
AOI-0032,2013-09-14,0.29178782988102253
AOI-0032,2014-06-16,0.27466789518905055
AOI-0032,2014-06-26,0.2518266398945579
AOI-0032,2014-07-12,0.20732212105568337
AOI-0032,2014-09-03,0.1292894697838992
AOI-0032,2015-04-23,0.2723847182830085
AOI-0032,2015-06-18,0.5107842143383982
AOI-0032,2015-07-13,0.3202323871989758
AOI-0032,2015-09-15,0.18778743434014047
AOI-0032,2015-09-23,0.2213074142690006
AOI-0032,2015-09-30,0.2115877217357125
AOI-0032,2016-04-06,0.3104120929470399
AOI-0032,2016-04-10,0.2040165049332236
AOI-0032,2016-05-03,0.22796172828729142
AOI-0032,2016-06-09,0.27636961491070344
AOI-0032,2016-06-28,0.21598804645062752
AOI-0032,2016-07-15,0.1580400024175535
AOI-0032,2016-07-30,0.21523393278874184
AOI-0032,2016-08-16,0.15261853349798915
AOI-0032,2016-09-09,0.19853891324816006
AOI-0032,2016-10-18,0.4375154968462295
AOI-0032,2017-04-04,0.3829602378462243
AOI-0032,2017-04-28,0.6666927719556098
AOI-0032,2017-05-09,0.775168721428896
AOI-0032,2017-07-02,0.2465171433362337
AOI-0032,2017-08-02,0.17875443401596142
AOI-0032,2017-08-11,0.138502453031349
AOI-0032,2017-08-19,0.13544075332001704
AOI-0032,2017-08-27,0.1806937854132553
AOI-0032,2017-09-03,0.16834613989777092
AOI-0032,2017-09-12,0.1479750829121981
AOI-0032,2018-04-15,0.1885991794990185
AOI-0032,2018-06-10,0.1700412690640109
AOI-0032,2018-06-19,0.14829913158906594
AOI-0032,2018-09-14,0.16526608932775766
AOI-0032,2018-09-23,0.16692954668749213
AOI-0032,2018-09-30,0.26715255424836293
AOI-0032,2018-10-07,0.2313579580655779
AOI-0032,2018-10-12,0.2821827467392108
AOI-0032,2019-04-26,0.669673508879018
AOI-0032,2019-04-28,0.7344363838913281
AOI-0032,2019-05-18,0.7711836241516781
AOI-0032,2019-05-20,0.7954500798501399
AOI-0032,2019-05-30,0.7074671608139382
AOI-0032,2019-06-14,0.23881889004688336
AOI-0032,2019-06-19,0.21104045541499059
AOI-0032,2019-07-23,0.15951289779975775
AOI-0032,2019-09-25,0.13253229684889986
AOI-0032,2019-10-05,0.14333362571887695
AOI-0032,2019-10-11,0.21787487950147155
AOI-0032,2019-10-25,0.3649483245018967
AOI-0032,2019-10-28,0.34798829815036875
AOI-0032,2020-05-27,0.39181085048977216
AOI-0032,2020-05-30,0.39159951040836866
AOI-0032,2020-06-24,0.20172223448105836
AOI-0032,2020-06-26,0.17598136580753196
AOI-0032,2020-08-05,0.13344323022177085
AOI-0032,2020-08-07,0.13156295606784943
AOI-0032,2020-09-13,0.19346318577522525
AOI-0032,2020-09-28,0.13539166733273428
AOI-0032,2020-09-29,0.15454777542733444
AOI-0032,2020-10-05,0.13170296493483
AOI-0032,2020-10-06,0.15836364566650687
AOI-0032,2020-10-24,0.15249377622933497
AOI-0032,2021-04-04,0.15313677911826123
AOI-0032,2021-04-23,0.3294268654815659
AOI-0032,2021-05-01,0.16942497735033327
AOI-0032,2021-05-25,0.391965754478782
AOI-0032,2021-06-18,0.21588071669874115
AOI-0032,2021-07-01,0.14054217017572235
AOI-0032,2021-07-18,0.15562384158205675
AOI-0032,2021-09-06,0.16974971504567704
AOI-0032,2021-09-15,0.15857386272119675
AOI-0032,2021-10-08,0.3251721622542549
AOI-0032,2022-04-26,0.7997247392684687
AOI-0032,2022-05-09,0.8226578911625598
AOI-0032,2022-05-13,0.872199039075542
AOI-0032,2022-05-29,0.8618572807222196
AOI-0032,2022-06-06,0.7338320649320669
AOI-0032,2022-06-13,0.6083852572214438
AOI-0032,2022-06-30,0.26101747573245104
AOI-0032,2022-08-01,0.15657969578558076
AOI-0032,2022-08-02,0.10237173866768086
AOI-0032,2022-08-15,0.12277581710293287
AOI-0032,2022-08-24,0.15798966741069848
AOI-0032,2022-08-29,0.1754655270040609
AOI-0032,2022-09-11,0.13109421457096349
AOI-0032,2023-04-07,0.2855954627218918
AOI-0032,2023-04-12,0.18381668360785702
AOI-0032,2023-05-12,0.2137362649846275
AOI-0032,2023-05-15,0.26178542354420165
AOI-0032,2023-05-24,0.2921881263010106
AOI-0032,2023-06-06,0.446629205101243
AOI-0032,2023-06-18,0.5477666802145195
AOI-0032,2023-07-26,0.3477712258183541
AOI-0032,2023-07-28,0.33706794835999654
AOI-0032,2023-08-08,0.25937643263459964
AOI-0032,2023-09-01,0.2102307459781546
AOI-0032,2023-09-11,0.25878284821304476
AOI-0032,2023-09-24,0.1940902855993749
AOI-0032,2024-04-07,0.21196309764318627
AOI-0032,2024-05-06,0.1913383079919838
AOI-0032,2024-06-03,0.28666284108587264
AOI-0032,2024-07-12,0.17054800259271427
AOI-0032,2024-07-25,0.1644927327908854
AOI-0032,2024-07-30,0.12762722409173266
AOI-0032,2024-08-22,0.14656359841483182
AOI-0032,2024-08-30,0.1612408092341294
AOI-0032,2024-09-13,0.14044757414614495
AOI-0032,2024-09-18,0.15248286526334437
AOI-0032,2024-10-05,0.13246719524838887
AOI-0032,2024-10-15,0.2033420411001838
AOI-0032,2024-10-23,0.13328450104057518
AOI-0032,2025-05-06,0.6429735470974434
AOI-0032,2025-05-28,0.7065683523201922
AOI-0032,2025-06-30,0.2522093541719341
AOI-0032,2025-07-07,0.19604700712922848
AOI-0032,2025-07-10,0.18835786048068093
AOI-0032,2025-08-13,0.22605477360153373
AOI-0032,2025-08-16,0.15134005386759983
AOI-0032,2025-08-24,0.12947023375309027
AOI-0032,2025-08-31,0.15883429788230544
AOI-0032,2025-09-03,0.15801656919821044
AOI-0032,2025-10-08,0.13403189047279243
AOI-0033,2025-04-28,0.18564828061732633
AOI-0033,2025-05-20,0.2751478772404861
AOI-0033,2025-06-10,0.6497220494273352
AOI-0033,2025-06-22,0.7274682860138617
AOI-0033,2025-07-05,0.4808774286453198
AOI-0033,2025-07-10,0.35427635405540625
AOI-0033,2025-09-15,0.31238325442894305
AOI-0034,2025-04-25,0.19149599839235928
AOI-0034,2025-05-06,0.1658386832543215
AOI-0034,2025-05-09,0.3760470079650264
AOI-0034,2025-06-10,0.1506732177453299
AOI-0034,2025-06-15,0.1017537957806628
AOI-0034,2025-06-21,0.20984667082447964
AOI-0034,2025-07-07,0.13271983771401097
AOI-0034,2025-07-10,0.13747149560717625
AOI-0034,2025-07-16,0.20515598791646758
AOI-0034,2025-08-31,0.17006871537017565
AOI-0034,2025-09-13,0.14330143697122277
AOI-0034,2025-09-23,0.16974383233418808
AOI-0034,2025-10-02,0.2895590636257826
AOI-0034,2025-10-16,0.5945788476746455
AOI-0035,2025-05-16,0.15600068259338729
AOI-0035,2025-05-20,0.18635973413514262
AOI-0035,2025-06-05,0.168790290396725
AOI-0035,2025-06-07,0.15253942642017926
AOI-0035,2025-06-10,0.1701238005831945
AOI-0035,2025-07-30,0.12572560184899007
AOI-0035,2025-08-31,0.13436785138224183
AOI-0035,2025-09-26,0.1790774589620454
AOI-0035,2025-09-28,0.15891729765503998
AOI-0035,2025-10-02,0.2373185111901166
AOI-0035,2025-10-30,0.5638921333820107
AOI-0036,2025-05-16,0.5793731141977855
AOI-0036,2025-07-16,0.27393358591380634
AOI-0036,2025-08-01,0.17089662780351275
AOI-0036,2025-08-09,0.1520667177440943
AOI-0036,2025-08-23,0.20186310977753105
AOI-0036,2025-10-02,0.2166897415017968
AOI-0037,2025-04-07,0.5302078252569141
AOI-0037,2025-04-16,0.5206564035349489
AOI-0037,2025-05-23,0.585024662604326
AOI-0037,2025-06-30,0.3451498589941446
AOI-0037,2025-07-14,0.277223565498375
AOI-0037,2025-07-23,0.32002814039851185
AOI-0037,2025-08-09,0.23252229124242121
AOI-0037,2025-08-16,0.2479857554431736
AOI-0037,2025-09-12,0.19566602178176884
AOI-0037,2025-09-13,0.2007564697233788
AOI-0037,2025-09-23,0.2028700218656554
AOI-0037,2025-09-26,0.2503089000482983
AOI-0037,2025-09-30,0.28992292384646495
AOI-0037,2025-10-05,0.16870849620010936
AOI-0038,2025-04-07,0.4598624945443642
AOI-0038,2025-04-25,0.4964431779819282
AOI-0038,2025-06-14,0.4837762469197907
AOI-0038,2025-07-10,0.20733468920159318
AOI-0038,2025-07-15,0.1683099347454617
AOI-0038,2025-08-14,0.18956430739903857
AOI-0038,2025-09-02,0.20901431848748345
AOI-0038,2025-10-05,0.15146255748022427
AOI-0038,2025-10-08,0.1642172998449146
AOI-0038,2025-10-16,0.33968575731003
AOI-0039,2025-05-04,0.7331392150854669
AOI-0039,2025-05-08,0.6925760379819282
AOI-0039,2025-05-28,0.6379179042184414
AOI-0039,2025-07-10,0.4535150905330412
AOI-0039,2025-08-06,0.3605877435263281
AOI-0039,2025-08-24,0.31939183906817714
AOI-0039,2025-09-08,0.3213750204699991
AOI-0039,2025-09-12,0.30753076120976397
AOI-0039,2025-09-14,0.3733333956811578
AOI-0039,2025-09-26,0.3665534735989701
AOI-0039,2025-10-23,0.3731823413137204
AOI-0040,2025-04-02,0.3180097108318627
AOI-0040,2025-04-03,0.36977878843496353
AOI-0040,2025-05-06,0.672660706979509
AOI-0040,2025-06-07,0.6792450593750079
AOI-0040,2025-07-08,0.26013007362261775
AOI-0040,2025-09-12,0.1328290806559011
AOI-0040,2025-09-13,0.12845907720794436
AOI-0040,2025-09-28,0.1478742136004122
AOI-0040,2025-09-30,0.21851984065698102
AOI-0040,2025-10-02,0.18288648404012936
AOI-0041,2025-04-23,0.599125344018054
AOI-0041,2025-05-20,0.6123468020518247
AOI-0041,2025-06-22,0.38513214869241263
AOI-0041,2025-06-27,0.40619387745286967
AOI-0041,2025-07-23,0.31754098804523556
AOI-0041,2025-08-19,0.21633128275586688
AOI-0041,2025-09-30,0.2873893510579513
AOI-0042,2025-04-18,0.16386296745054238
AOI-0042,2025-05-04,0.18120570906751837
AOI-0042,2025-06-13,0.254161419418702
AOI-0042,2025-07-14,0.13906428445554478
AOI-0042,2025-07-16,0.1853997131522434
AOI-0042,2025-07-24,0.18811665837227573
AOI-0042,2025-08-17,0.1613928799906052
AOI-0042,2025-08-19,0.13230734130900174
AOI-0042,2025-08-24,0.10096288065572316
AOI-0042,2025-08-29,0.13060916150317836
AOI-0042,2025-09-15,0.137697331205087
AOI-0042,2025-09-17,0.15609146981375585
AOI-0042,2025-10-02,0.18628877520932877
AOI-0043,2025-04-24,0.18556375370225003
AOI-0043,2025-04-29,0.24658381686200034
AOI-0043,2025-05-31,0.1569026450793856
AOI-0043,2025-06-08,0.16153829023333197
AOI-0043,2025-06-15,0.15742043778000792
AOI-0043,2025-06-17,0.16896592157804466
AOI-0043,2025-06-25,0.15648491389801542
AOI-0043,2025-07-07,0.15114845527367426
AOI-0043,2025-07-13,0.15350133076684783
AOI-0043,2025-08-12,0.16434568239349462
AOI-0043,2025-09-24,0.20260882131782984
AOI-0043,2025-10-13,0.145114071165877
AOI-0043,2025-10-15,0.15257888910868508
AOI-0044,2010-04-16,0.24861592361447588
AOI-0044,2010-04-25,0.3081995743408689
AOI-0044,2010-05-09,0.5040362683832789
AOI-0044,2010-05-18,0.36611636145016935
AOI-0044,2010-06-12,0.48196756425026693
AOI-0044,2010-06-20,0.4647468306339484
AOI-0044,2010-06-28,0.5037931458986573
AOI-0044,2010-07-29,0.24883067427330197
AOI-0044,2010-08-06,0.1783843592738237
AOI-0044,2010-10-16,0.2568592056198352
AOI-0044,2010-10-25,0.16005495141083947
AOI-0044,2011-07-16,0.6648795947390356
AOI-0044,2011-08-01,0.32553115805556543
AOI-0044,2011-08-02,0.32290984279565343
AOI-0044,2011-10-16,0.3589445512434469
AOI-0044,2012-04-06,0.3681792052516243
AOI-0044,2012-05-08,0.691040821915868
AOI-0044,2013-05-02,0.2445873098837086
AOI-0044,2013-05-03,0.3153021502916747
AOI-0044,2013-05-11,0.3044033626938289
AOI-0044,2014-04-07,0.3579451748008961
AOI-0044,2014-06-06,0.2454108117385039
AOI-0044,2014-06-14,0.276977202510036
AOI-0044,2014-06-23,0.2529991474503828
AOI-0044,2014-08-02,0.1769384074125658
AOI-0044,2014-08-09,0.16397854457082697
AOI-0044,2014-08-29,0.2408929615737826
AOI-0044,2014-09-18,0.1978065024548364
AOI-0044,2014-09-19,0.17188885771270135
AOI-0044,2014-10-04,0.21488033553264912
AOI-0044,2014-10-12,0.17609723737294183
AOI-0044,2014-10-28,0.21277232973431748
AOI-0044,2014-10-29,0.2517493869636285
AOI-0044,2015-06-26,0.4506394870341855
AOI-0044,2015-07-27,0.21553452328749959
AOI-0044,2015-07-28,0.2807533622592213
AOI-0044,2015-08-29,0.21523560847847023
AOI-0044,2015-10-08,0.17043095731941152
AOI-0044,2015-10-16,0.23375144144584656
AOI-0044,2016-04-08,0.4522278661113401
AOI-0044,2016-05-08,0.819782837111026
AOI-0044,2016-05-11,0.8567796744358616
AOI-0044,2016-06-20,0.38584585910233254
AOI-0044,2016-06-25,0.38722438168700607
AOI-0044,2016-07-13,0.2726435874421371
AOI-0044,2016-07-27,0.35163520802778525
AOI-0044,2016-09-07,0.25816373427835115
AOI-0044,2016-09-13,0.3062283576813029
AOI-0044,2016-10-02,0.2138920186375286
AOI-0044,2016-10-26,0.18909462800261992
AOI-0044,2017-04-03,0.1692187494593367
AOI-0044,2017-04-04,0.15477612787352926
AOI-0044,2017-04-12,0.19136546635510573
AOI-0044,2017-06-27,0.2088211295405669
AOI-0044,2017-06-30,0.20854022158391008
AOI-0044,2017-08-10,0.16098570138137328
AOI-0044,2017-09-14,0.2769706001172978
AOI-0044,2018-04-06,0.5814206044679134
AOI-0044,2018-07-12,0.2157156878030722
AOI-0044,2018-07-19,0.16474035872903428
AOI-0044,2018-09-30,0.23696060976987468
AOI-0044,2019-04-25,0.3457016565555626
AOI-0044,2019-04-26,0.33896527128707954
AOI-0044,2019-06-02,0.6679297567296634
AOI-0044,2019-06-12,0.5042639895404644
AOI-0044,2019-06-20,0.2978601343266204
AOI-0044,2019-08-13,0.4154560984723247
AOI-0044,2019-09-10,0.1850141969996317
AOI-0044,2019-09-15,0.15523259062231304
AOI-0044,2019-09-16,0.21256250255660816
AOI-0044,2019-10-10,0.16133776788156406
AOI-0044,2020-04-17,0.22067671830174856
AOI-0044,2020-04-22,0.22335423806718396
AOI-0044,2020-05-17,0.20294398243812747
AOI-0044,2020-06-30,0.2251913169077478
AOI-0044,2020-08-10,0.13369333650135803
AOI-0044,2020-09-09,0.16119910298524984
AOI-0044,2020-09-10,0.15649851540745785
AOI-0044,2020-09-26,0.14239104885495982
AOI-0044,2020-09-29,0.17830093949056727
AOI-0044,2020-10-14,0.1616002505941704
AOI-0044,2020-10-21,0.1521586021606037
AOI-0044,2021-05-12,0.6546009012951449
AOI-0044,2021-05-17,0.7147837932687248
AOI-0044,2021-05-25,0.7790582765416908
AOI-0044,2021-07-16,0.21660367183817836
AOI-0044,2021-07-21,0.17003905710281084
AOI-0044,2021-09-30,0.24946249481204932
AOI-0044,2021-10-07,0.18907567750149865
AOI-0044,2022-05-27,0.7039999036879857
AOI-0044,2022-06-06,0.7433718195853976
AOI-0044,2022-06-12,0.7012485354491937
AOI-0044,2022-07-07,0.20926468856840705
AOI-0044,2022-08-10,0.23098406638796906
AOI-0044,2022-08-13,0.282250408985367
AOI-0044,2022-08-24,0.26536959472944605
AOI-0044,2022-09-25,0.2227783160081464
AOI-0044,2022-09-30,0.28897661422657106
AOI-0044,2023-04-02,0.16694997066980546
AOI-0044,2023-04-07,0.33319384342140906
AOI-0044,2023-06-06,0.2406081101334296
AOI-0044,2023-06-30,0.19778042488300507
AOI-0044,2023-07-05,0.1674375961912996
AOI-0044,2023-07-09,0.20817174102390715
AOI-0044,2023-07-11,0.12533819135291321
AOI-0044,2023-07-16,0.15095689345365113
AOI-0044,2023-07-25,0.24564907992807578
AOI-0044,2023-08-05,0.15009974432445203
AOI-0044,2023-08-25,0.1472032637010699
AOI-0044,2023-09-30,0.2630042463687949
AOI-0044,2023-10-14,0.2274839408081177
AOI-0044,2024-04-06,0.757994457489351
AOI-0044,2024-04-14,0.8375685873541218
AOI-0044,2024-06-05,0.5713771418228913
AOI-0044,2024-09-06,0.16104021873451244
AOI-0044,2024-09-21,0.16144286392486576
AOI-0044,2025-04-02,0.1546546702555716
AOI-0044,2025-05-20,0.21107846466941663
AOI-0044,2025-07-06,0.2349012064925763
AOI-0044,2025-07-10,0.15894166440888835
AOI-0044,2025-08-14,0.14922163762649915
AOI-0044,2025-09-23,0.1574704412822328
AOI-0044,2025-10-03,0.15874948226809574
AOI-0044,2025-10-15,0.15294944540350494
AOI-0045,2025-04-26,0.2007946771499326
AOI-0045,2025-06-15,0.17354395040626502
AOI-0045,2025-06-27,0.17858217223173012
AOI-0045,2025-06-29,0.22163796403491282
AOI-0045,2025-07-31,0.20331659207399805
AOI-0045,2025-08-13,0.2289590923883672
AOI-0045,2025-08-15,0.21790563894180107
AOI-0045,2025-08-16,0.14919727223956275
AOI-0045,2025-09-30,0.24287428640587852
AOI-0045,2025-10-15,0.15691084856828774
AOI-0046,2010-06-26,0.31319852219585437
AOI-0046,2010-07-12,0.3487676849089769
AOI-0046,2010-09-14,0.432198949305286
AOI-0046,2011-05-30,0.28856366334600486
AOI-0046,2011-08-17,0.16241973855363792
AOI-0046,2012-04-22,0.41035259185351103
AOI-0046,2012-04-29,0.33847887726266807
AOI-0046,2012-06-09,0.6140009435285441
AOI-0046,2013-04-25,0.18738048737414906
AOI-0046,2013-05-09,0.4190394444697427
AOI-0046,2013-06-11,0.585580346544785
AOI-0046,2013-06-27,0.40411718936003016
AOI-0046,2013-07-21,0.2657800488911546
AOI-0046,2013-07-28,0.3627908855610197
AOI-0046,2013-07-30,0.2710195386004144
AOI-0046,2014-05-25,0.7573987174084157
AOI-0046,2014-05-29,0.765358194863799
AOI-0046,2014-07-01,0.31170631668897436
AOI-0046,2014-07-12,0.3176443940810878
AOI-0046,2014-08-01,0.20303425982726117
AOI-0046,2014-08-25,0.1412895255389661
AOI-0046,2014-09-19,0.15516507143218058
AOI-0046,2015-05-17,0.2416044677822636
AOI-0046,2015-07-12,0.3647499174545703
AOI-0046,2015-09-22,0.18140208941337901
AOI-0046,2015-10-16,0.279120420562215
AOI-0046,2016-05-02,0.8255011223884324
AOI-0046,2016-05-10,0.8268226643399142
AOI-0046,2016-05-18,0.8107692655729928
AOI-0046,2016-06-03,0.741035953875236
AOI-0046,2016-06-09,0.6704526574285935
AOI-0046,2016-07-13,0.18850878158023512
AOI-0046,2016-07-30,0.2639011388089529
AOI-0046,2016-10-02,0.2301244787514159
AOI-0046,2016-10-17,0.2688680234630149
AOI-0046,2016-10-25,0.34984583751646614
AOI-0046,2017-04-13,0.4199589696478331
AOI-0046,2017-06-27,0.4019483764995196
AOI-0046,2017-07-02,0.2998620466385611
AOI-0046,2017-07-24,0.22656852041906045
AOI-0046,2017-08-09,0.1691059830472484
AOI-0046,2017-08-21,0.1523159035919222
AOI-0046,2017-09-10,0.23975754575199146
AOI-0046,2017-09-15,0.26719145078123235
AOI-0046,2017-10-12,0.3648163729056009
AOI-0046,2018-05-09,0.3330321625136391
AOI-0046,2018-06-01,0.1768448961330727
AOI-0046,2018-07-20,0.2139902652611638
AOI-0046,2018-08-20,0.16018510344838552
AOI-0046,2018-08-29,0.16868500775969228
AOI-0046,2018-10-15,0.17118554909005115
AOI-0046,2018-10-24,0.18349843431868557
AOI-0046,2019-04-01,0.194999611959941
AOI-0046,2019-04-18,0.3957698805935153
AOI-0046,2019-05-19,0.7544365584252538
AOI-0046,2019-08-01,0.2260972172205048
AOI-0046,2019-09-01,0.16493954786087048
AOI-0046,2019-10-20,0.30462106843894105
AOI-0046,2020-04-04,0.8140410150194869
AOI-0046,2020-04-07,0.8205249598463685
AOI-0046,2020-05-08,0.8145827868084904
AOI-0046,2020-05-24,0.8251146738572429
AOI-0046,2020-06-09,0.6882907034498067
AOI-0046,2020-09-10,0.14201587995400006
AOI-0046,2020-09-13,0.2118982182847844
AOI-0046,2020-09-26,0.13295375772323603
AOI-0046,2020-10-21,0.13331152082917916
AOI-0046,2021-05-02,0.4644329281516629
AOI-0046,2021-05-25,0.8288563740221909
AOI-0046,2021-07-11,0.2948093227152147
AOI-0046,2021-07-28,0.32057049969785056
AOI-0046,2021-08-13,0.3598039183971416
AOI-0046,2021-08-20,0.2005225491069896
AOI-0046,2021-08-29,0.44782299547347715
AOI-0046,2021-09-06,0.5087523072246033
AOI-0046,2022-06-05,0.24310841374567493
AOI-0046,2022-07-24,0.1798287669117416
AOI-0046,2022-07-29,0.18139802318144177
AOI-0046,2022-07-30,0.22854669557258694
AOI-0046,2022-08-24,0.20628788515743746
AOI-0046,2022-08-30,0.15639778052641679
AOI-0046,2023-04-02,0.5623330950980396
AOI-0046,2023-04-29,0.8547943140921915
AOI-0046,2023-05-06,0.8819656800262732
AOI-0046,2023-06-21,0.5657055527718431
AOI-0046,2023-06-24,0.5057038581652507
AOI-0046,2023-07-22,0.201934772474073
AOI-0046,2023-07-25,0.25512245169129644
AOI-0046,2023-08-13,0.18522967115386463
AOI-0046,2023-08-18,0.16988910045038308
AOI-0046,2023-08-25,0.15554439753613458
AOI-0046,2023-08-27,0.18098934998416077
AOI-0046,2023-08-28,0.1527307350876789
AOI-0046,2023-10-13,0.18923682325347566
AOI-0046,2023-10-29,0.2433328563730809
AOI-0046,2024-04-06,0.7095311309888092
AOI-0046,2024-05-08,0.8556216320788101
AOI-0046,2024-05-09,0.8760325643604722
AOI-0046,2024-06-01,0.8234552591897021
AOI-0046,2024-06-09,0.5840131178755614
AOI-0046,2024-07-03,0.2341204027496204
AOI-0046,2024-07-19,0.17915864790440575
AOI-0046,2024-08-09,0.14606154853646067
AOI-0046,2024-08-20,0.20995275799834479
AOI-0046,2024-08-28,0.20986761145078806
AOI-0046,2024-09-13,0.16177590589545338
AOI-0046,2024-09-22,0.18596074763210227
AOI-0046,2024-10-13,0.12454908505036764
AOI-0046,2025-06-30,0.7021134593285078
AOI-0046,2025-07-15,0.47595617471856166
AOI-0046,2025-08-07,0.4323771662740498
AOI-0046,2025-08-15,0.43744694451870036
AOI-0046,2025-09-24,0.222674780622495
AOI-0046,2025-10-02,0.21979812546887845
AOI-0047,2025-05-08,0.8468271083765759
AOI-0047,2025-05-16,0.8059937576118997
AOI-0047,2025-05-25,0.7446721271932574
AOI-0047,2025-06-15,0.3298684330212461
AOI-0047,2025-07-17,0.15367270755418797
AOI-0047,2025-07-18,0.1691084950870246
AOI-0047,2025-09-03,0.13087577949661203
AOI-0047,2025-10-15,0.15979349708573515
AOI-0047,2025-10-16,0.24267973912285368
AOI-0048,2025-04-07,0.6584350943829288
AOI-0048,2025-04-17,0.711568021895246
AOI-0048,2025-05-09,0.8334697915826467
AOI-0048,2025-09-17,0.17792037312326142
AOI-0048,2025-09-24,0.19831329128485425
AOI-0049,2025-05-04,0.8009446742464065
AOI-0049,2025-06-26,0.3225795129188142
AOI-0049,2025-06-27,0.22534935932379235
AOI-0049,2025-07-29,0.23780608433719938
AOI-0049,2025-08-06,0.21332897247775542
AOI-0049,2025-08-12,0.19232017689265848
AOI-0049,2025-08-17,0.16069614790922643
AOI-0049,2025-09-06,0.18213065077777735
AOI-0049,2025-09-14,0.272914381984922
AOI-0049,2025-09-26,0.1975996708634329
AOI-0049,2025-09-30,0.3035476814906058
AOI-0049,2025-10-08,0.1781134316081891
AOI-0049,2025-10-16,0.269660723646919
AOI-0049,2025-10-28,0.22714517555316457
AOI-0050,2025-04-14,0.3506308534617089
AOI-0050,2025-04-15,0.3729748951908724
AOI-0050,2025-05-25,0.5733745821447513
AOI-0050,2025-06-27,0.5171958009518248
AOI-0050,2025-08-07,0.33360367226189436
AOI-0050,2025-08-09,0.3092810393718443
AOI-0050,2025-08-13,0.4126456206981988
AOI-0050,2025-08-17,0.33642831823074737
AOI-0050,2025-09-07,0.36295239343063673
AOI-0050,2025-09-30,0.43228563368239564
AOI-0050,2025-10-17,0.39732083336038193
AOI-0050,2025-10-28,0.35103767590518953
AOI-0051,2010-06-09,0.7323259212704459
AOI-0051,2011-06-04,0.4544795012277286
AOI-0051,2011-06-05,0.521090438791044
AOI-0051,2011-06-12,0.6992543588282013
AOI-0051,2011-06-13,0.6902744059066415
AOI-0051,2011-09-01,0.477986082010331
AOI-0051,2011-10-11,0.3441322334960483
AOI-0051,2012-04-27,0.513262981163423
AOI-0051,2012-05-22,0.6018313042545234
AOI-0051,2012-08-12,0.43469984490888924
AOI-0051,2012-08-26,0.29975812578168565
AOI-0051,2012-08-28,0.4165636415698005
AOI-0051,2012-09-18,0.2719749659939247
AOI-0051,2012-10-13,0.4206326915629607
AOI-0051,2013-05-01,0.7965001585002792
AOI-0051,2013-07-19,0.3955904787265182
AOI-0051,2013-07-28,0.4879521502096607
AOI-0051,2013-08-29,0.4389655395139614
AOI-0051,2013-10-07,0.4263504231212953
AOI-0051,2013-10-16,0.49539737779052234
AOI-0051,2014-04-18,0.7777428990508686
AOI-0051,2014-06-05,0.725902564329309
AOI-0051,2014-06-10,0.5287351805264063
AOI-0051,2014-06-28,0.4730041465407678
AOI-0051,2014-09-08,0.36611572988312874
AOI-0051,2014-09-16,0.38468919070968055
AOI-0051,2015-04-07,0.37968340520752686
AOI-0051,2015-05-23,0.6811730247130674
AOI-0051,2015-06-10,0.7679219273866026
AOI-0051,2015-06-15,0.7760170414859163
AOI-0051,2015-06-26,0.6975617822463819
AOI-0051,2015-09-14,0.3523107368516254
AOI-0051,2015-09-20,0.30641384682180595
AOI-0051,2015-10-06,0.24531975591630772
AOI-0051,2016-04-06,0.7262679012956462
AOI-0051,2016-06-25,0.4877982779940813
AOI-0051,2016-07-12,0.45143369413852863
AOI-0051,2016-08-28,0.3802142938247354
AOI-0051,2016-09-14,0.36902654961427317
AOI-0051,2016-09-29,0.3699352801220314
AOI-0051,2016-10-24,0.20144259400624043
AOI-0051,2017-05-28,0.4969289409323642
AOI-0051,2017-06-21,0.6208469240719662
AOI-0051,2017-06-28,0.6395010249671655
AOI-0051,2017-07-06,0.6292170684652435
AOI-0051,2017-07-23,0.6700701248549675
AOI-0051,2017-09-25,0.3200859455876129
AOI-0051,2017-09-30,0.4172341872365117
AOI-0051,2017-10-16,0.251667025944739
AOI-0051,2018-04-11,0.45076686003362837
AOI-0051,2018-04-28,0.6541444137474586
AOI-0051,2018-04-29,0.6485046768101402
AOI-0051,2018-05-30,0.7113464026196913
AOI-0051,2018-06-26,0.4533374232882999
AOI-0051,2018-07-02,0.3711620234695163
AOI-0051,2018-08-02,0.32864416905247434
AOI-0051,2018-08-18,0.260082857254993
AOI-0051,2018-09-14,0.3693186303015696
AOI-0051,2018-09-19,0.2526018900607995
AOI-0051,2018-10-14,0.22381277129147428
AOI-0051,2019-05-17,0.8126278085774122
AOI-0051,2019-05-31,0.7001258482383429
AOI-0051,2019-06-25,0.29996561674836575
AOI-0051,2019-06-30,0.3099137314994792
AOI-0051,2019-07-29,0.3508413086056038
AOI-0051,2019-08-05,0.33372946208296445
AOI-0051,2019-08-13,0.3831343457269888
AOI-0051,2019-08-22,0.33007939293865235
AOI-0051,2019-09-13,0.2429840533704827
AOI-0051,2019-10-16,0.3403472881018707
AOI-0051,2020-04-26,0.3701984206901612
AOI-0051,2020-06-09,0.7710129349149992
AOI-0051,2020-07-04,0.5057272443220637
AOI-0051,2020-07-27,0.3862061951650075
AOI-0051,2020-08-31,0.34730542769090955
AOI-0051,2020-09-07,0.23896554048492888
AOI-0051,2020-10-27,0.20140179618876683
AOI-0051,2021-05-06,0.751977974782753
AOI-0051,2021-06-23,0.4896484953549751
AOI-0051,2021-07-19,0.3031993799778684
AOI-0051,2021-07-28,0.41077221400046243
AOI-0051,2021-08-23,0.29228595627160975
AOI-0051,2021-08-28,0.36099289381916555
AOI-0051,2021-08-29,0.4509329746727935
AOI-0051,2021-09-03,0.4071908839696273
AOI-0051,2021-09-07,0.3528191148958824
AOI-0051,2021-10-02,0.28159516670388696
AOI-0051,2021-10-21,0.3058251510232373
AOI-0051,2022-05-09,0.5968170243630365
AOI-0051,2022-05-26,0.45533710133121247
AOI-0051,2022-05-27,0.5445057718986881
AOI-0051,2022-06-11,0.6457194136921316
AOI-0051,2022-06-19,0.6896651967700878
AOI-0051,2022-06-30,0.7732898181938967
AOI-0051,2022-07-09,0.7078155512971981
AOI-0051,2022-07-12,0.701035681768526
AOI-0051,2022-07-22,0.7413161671272225
AOI-0051,2022-07-24,0.6699873511503736
AOI-0051,2022-07-29,0.6848118322089856
AOI-0051,2022-08-13,0.6290480070687519
AOI-0051,2022-08-28,0.4935895429482977
AOI-0051,2022-09-06,0.4653725236743751
AOI-0051,2022-09-14,0.4715360689145172
AOI-0051,2022-10-07,0.36062034703043694
AOI-0051,2022-10-15,0.31907011309459454
AOI-0051,2023-04-23,0.8232777711532854
AOI-0051,2023-07-31,0.3877365430446782
AOI-0051,2023-08-28,0.3205448152816977
AOI-0051,2023-09-09,0.33942374083670174
AOI-0051,2023-09-27,0.36096265844795145
AOI-0051,2023-10-04,0.35468321154963073
AOI-0051,2024-04-05,0.25862701600510946
AOI-0051,2024-05-04,0.4718629872193117
AOI-0051,2024-05-22,0.5641764814118424
AOI-0051,2024-06-03,0.5527027252848481
AOI-0051,2024-06-23,0.46685285896081985
AOI-0051,2024-07-28,0.295716814373631
AOI-0051,2024-08-27,0.25394969800496753
AOI-0051,2024-09-03,0.2899099795338775
AOI-0051,2024-10-01,0.26994446673765865
AOI-0051,2024-10-05,0.282247701152109
AOI-0051,2024-10-06,0.27256252114369445
AOI-0051,2024-10-15,0.3577784479919459
AOI-0051,2025-05-09,0.8146813104396956
AOI-0051,2025-06-10,0.46955800457028585
AOI-0051,2025-06-27,0.35625521769505164
AOI-0051,2025-07-05,0.34474963753934307
AOI-0051,2025-07-10,0.23585583872673888
AOI-0051,2025-08-05,0.2387530868390944
AOI-0051,2025-08-12,0.21956300012268623
AOI-0051,2025-09-15,0.2271826830411328
AOI-0051,2025-09-16,0.20108283074555797
AOI-0052,2025-04-19,0.223191920266132
AOI-0052,2025-06-08,0.36552260350050164
AOI-0052,2025-06-11,0.4771975309498504
AOI-0052,2025-07-05,0.6580950869480289
AOI-0052,2025-07-18,0.31298512504989645
AOI-0052,2025-08-22,0.12988201705102662
AOI-0052,2025-08-27,0.14142632242615902
AOI-0052,2025-09-06,0.15414554181252302
AOI-0052,2025-09-14,0.25038168927648774
AOI-0052,2025-10-17,0.25734095877592683
AOI-0053,2025-04-11,0.7336097547205209
AOI-0053,2025-04-14,0.7837168716832027
AOI-0053,2025-04-16,0.7930138511688302
AOI-0053,2025-04-19,0.8326524526609004
AOI-0053,2025-04-23,0.8204052917214292
AOI-0053,2025-06-26,0.33560253531158013
AOI-0053,2025-07-28,0.1625683477074712
AOI-0053,2025-08-02,0.15718018032432501
AOI-0053,2025-08-09,0.12924050562677714
AOI-0053,2025-08-12,0.16120437871102114
AOI-0053,2025-08-29,0.14741755444944002
AOI-0053,2025-09-01,0.13188039388877829
AOI-0053,2025-09-07,0.20051254556886972
AOI-0053,2025-09-11,0.15015245276437905
AOI-0053,2025-09-14,0.23913989613598624
AOI-0053,2025-09-15,0.1889687375431862
AOI-0053,2025-09-21,0.15118141163256765
AOI-0053,2025-09-26,0.1648403570962262
AOI-0053,2025-10-28,0.2663427123020941
AOI-0054,2025-04-11,0.5294476424861938
AOI-0054,2025-04-19,0.6829185099887157
AOI-0054,2025-05-04,0.7552762960845568
AOI-0054,2025-06-03,0.7696107550704484
AOI-0054,2025-07-28,0.6733656504828037
AOI-0054,2025-08-12,0.6979817678047899
AOI-0054,2025-09-21,0.6717313586734799
AOI-0054,2025-09-30,0.6874090661204865
AOI-0054,2025-10-16,0.616740882278024
AOI-0055,2025-04-01,0.3111283674723297
AOI-0055,2025-04-11,0.36982141342385355
AOI-0055,2025-05-09,0.48882764676244583
AOI-0055,2025-07-04,0.49975763230596654
AOI-0055,2025-07-05,0.5229744656121438
AOI-0055,2025-07-08,0.4872350750307461
AOI-0055,2025-07-23,0.3930358228589188
AOI-0055,2025-08-17,0.3838355670215074
AOI-0055,2025-09-14,0.4384053296218676
AOI-0055,2025-09-22,0.4257631151633502
AOI-0056,2025-04-23,0.8002817122717742
AOI-0056,2025-05-24,0.7658798511141139
AOI-0056,2025-06-10,0.45022511352697375
AOI-0056,2025-06-19,0.39614862225282876
AOI-0056,2025-07-18,0.15637708495085548
AOI-0056,2025-07-23,0.16500174459582648
AOI-0056,2025-08-09,0.15923269187289732
AOI-0056,2025-09-06,0.18765628542286134
AOI-0056,2025-09-08,0.16287644043211563
AOI-0056,2025-10-16,0.19646089462863037
AOI-0057,2025-05-04,0.795557094890843
AOI-0057,2025-05-09,0.7801494296087437
AOI-0057,2025-05-19,0.6160159112406792
AOI-0057,2025-06-26,0.330062890259181
AOI-0057,2025-06-27,0.29783598143006484
AOI-0057,2025-07-10,0.20023490217843642
AOI-0057,2025-07-13,0.1663596393823973
AOI-0057,2025-07-18,0.16114479804636034
AOI-0057,2025-08-05,0.240011516079342
AOI-0057,2025-08-27,0.16204659345981018
AOI-0057,2025-09-01,0.1422840941718131
AOI-0057,2025-09-21,0.16376248874180174
AOI-0058,2010-04-23,0.38918886808734976
AOI-0058,2010-08-13,0.410267298679913
AOI-0058,2010-08-29,0.34927804825093406
AOI-0058,2010-09-05,0.2921939529295418
AOI-0058,2011-04-02,0.3729782795659749
AOI-0058,2011-04-26,0.41077796352070767
AOI-0058,2011-06-12,0.7460533554665478
AOI-0058,2011-07-15,0.5071618271222667
AOI-0058,2011-08-29,0.4330477677928917
AOI-0058,2011-09-01,0.2427195590747931
AOI-0058,2011-10-02,0.27874057101707533
AOI-0058,2011-10-27,0.4008605121169443
AOI-0058,2012-04-22,0.5957978918287419
AOI-0058,2012-06-09,0.668096447445438
AOI-0058,2012-06-23,0.6455200292996203
AOI-0058,2012-07-11,0.5652051778879869
AOI-0058,2012-08-12,0.4641907451213317
AOI-0058,2012-09-11,0.457745921941901
AOI-0058,2013-04-07,0.43484426018398875
AOI-0058,2013-04-23,0.40610645735109996
AOI-0058,2013-05-09,0.34933184831911773
AOI-0058,2013-06-09,0.6281441411433741
AOI-0058,2013-06-10,0.5993518887569064
AOI-0058,2013-07-11,0.7314957757584857
AOI-0058,2013-07-19,0.6856469198972085
AOI-0058,2013-08-28,0.24421690655612363
AOI-0058,2013-10-16,0.2668490587792048
AOI-0058,2013-10-24,0.2749108076268397
AOI-0058,2014-04-25,0.8120902208428195
AOI-0058,2014-06-05,0.8102718109876318
AOI-0058,2014-06-10,0.6349928613146018
AOI-0058,2014-09-14,0.38046432654923706
AOI-0058,2015-04-28,0.46288931947174466
AOI-0058,2015-05-09,0.7059413497723568
AOI-0058,2015-09-03,0.5100368097194664
AOI-0058,2015-09-27,0.4839753818571793
AOI-0058,2016-04-06,0.7562927545477418
AOI-0058,2016-04-30,0.8278719510454526
AOI-0058,2016-06-09,0.8120233107746396
AOI-0058,2016-07-27,0.48928607343838426
AOI-0058,2016-07-28,0.5179865230299239
AOI-0058,2016-08-13,0.43517736518439626
AOI-0058,2017-04-25,0.8185024096831384
AOI-0058,2017-07-15,0.2964401466132898
AOI-0058,2017-09-13,0.18976734128284437
AOI-0058,2017-09-16,0.17812363420851188
AOI-0058,2018-05-15,0.6733444945423417
AOI-0058,2018-07-26,0.4567379020115416
AOI-0058,2018-08-02,0.4659615200172073
AOI-0058,2019-04-23,0.8276610648113933
AOI-0058,2019-05-25,0.8440082991660273
AOI-0058,2019-06-25,0.308371820855388
AOI-0058,2019-06-27,0.31714281388288007
AOI-0058,2019-07-04,0.27251905799078585
AOI-0058,2019-08-30,0.1828045095724178
AOI-0058,2019-09-28,0.1359553310384784
AOI-0058,2019-09-30,0.2242214630338295
AOI-0058,2020-04-17,0.4512767706846673
AOI-0058,2020-05-04,0.5478920368064899
AOI-0058,2020-06-05,0.7012703669848851
AOI-0058,2020-06-29,0.5128296475427494
AOI-0058,2020-07-06,0.5107502478280501
AOI-0058,2020-07-22,0.4744486035987594
AOI-0058,2020-07-30,0.4355107726768182
AOI-0058,2020-08-07,0.3685190394952086
AOI-0058,2020-08-12,0.4268083416874225
AOI-0058,2020-08-23,0.3232912848372196
AOI-0058,2020-08-28,0.38191765368689695
AOI-0058,2020-09-24,0.2960062228688781
AOI-0058,2020-10-27,0.3023326749350266
AOI-0058,2021-04-15,0.43333266783313357
AOI-0058,2021-05-09,0.7095477822902987
AOI-0058,2021-05-31,0.6680439156450916
AOI-0058,2021-07-09,0.5681709589910485
AOI-0058,2021-07-14,0.5336317539705987
AOI-0058,2021-07-25,0.41712632900054425
AOI-0058,2021-08-13,0.4402887836875791
AOI-0058,2021-08-28,0.34657926216115753
AOI-0058,2021-09-27,0.44557545963219913
AOI-0058,2022-06-10,0.8010362941795665
AOI-0058,2022-06-18,0.8039913834041074
AOI-0058,2022-07-04,0.2990420818800995
AOI-0058,2022-07-12,0.3527268101153819
AOI-0058,2022-07-17,0.27356495931039376
AOI-0058,2022-07-29,0.1793504769070512
AOI-0058,2022-09-14,0.3059896448920564
AOI-0058,2023-05-09,0.7388699159319981
AOI-0058,2023-05-20,0.6340674151437422
AOI-0058,2023-06-28,0.8321915746578396
AOI-0058,2023-08-17,0.5268139259735809
AOI-0058,2023-09-02,0.41964700985892095
AOI-0058,2023-09-10,0.5255325254382652
AOI-0058,2023-09-27,0.4839686796089992
AOI-0058,2023-10-12,0.47012486647593976
AOI-0058,2024-04-09,0.7500693773424462
AOI-0058,2024-05-09,0.7538419724903915
AOI-0058,2024-06-03,0.6461260911248538
AOI-0058,2024-06-23,0.3858531821518499
AOI-0058,2024-06-28,0.3794724121780192
AOI-0058,2024-07-09,0.32911548390499873
AOI-0058,2024-07-26,0.2591565826303506
AOI-0058,2024-07-27,0.33940647218799236
AOI-0058,2024-08-18,0.26887868517582814
AOI-0058,2024-08-27,0.20745881817404957
AOI-0058,2024-08-28,0.3072776945324677
AOI-0058,2024-09-21,0.23077650856274073
AOI-0058,2024-09-28,0.2525928039934238
AOI-0058,2024-10-01,0.21418318597135744
AOI-0058,2024-10-30,0.2674985113097244
AOI-0058,2025-04-07,0.559766054652467
AOI-0058,2025-04-16,0.4851077828610647
AOI-0058,2025-04-24,0.5185890682982829
AOI-0058,2025-07-18,0.3278813309830477
AOI-0058,2025-07-28,0.29450166180870224
AOI-0058,2025-08-02,0.2262181571451132
AOI-0058,2025-08-06,0.2848698420844141
AOI-0058,2025-08-09,0.1770189799838596
AOI-0058,2025-08-12,0.20259807316134515
AOI-0058,2025-08-14,0.28119614179689284
AOI-0058,2025-09-14,0.2851702346638542
AOI-0058,2025-09-22,0.23003757607117611
AOI-0059,2010-06-26,0.7846246588185705
AOI-0059,2010-07-19,0.7047754986440189
AOI-0059,2010-08-28,0.30094929647964247
AOI-0059,2011-04-23,0.7757902134871374
AOI-0059,2011-05-27,0.7274113734256594
AOI-0059,2011-05-28,0.6657990848157472
AOI-0059,2011-06-12,0.6824725063077735
AOI-0059,2011-06-26,0.7101122136822416
AOI-0059,2011-07-07,0.7167244097887059
AOI-0059,2011-07-28,0.554764007216552
AOI-0059,2011-08-08,0.5038509509448875
AOI-0059,2011-08-23,0.47085251742658607
AOI-0059,2012-04-04,0.577150189249999
AOI-0059,2012-08-12,0.3727044604301705
AOI-0059,2012-08-26,0.250568305375155
AOI-0059,2012-09-11,0.3025738857237355
AOI-0059,2012-10-13,0.3380229303968469
AOI-0059,2013-05-09,0.8581180942083123
AOI-0059,2013-06-18,0.3597233398298388
AOI-0059,2013-07-20,0.2192438057318808
AOI-0059,2013-08-13,0.22565591899469584
AOI-0059,2013-08-21,0.20839243688580258
AOI-0059,2013-10-16,0.30503023198230295
AOI-0059,2014-05-09,0.8406608338811867
AOI-0059,2014-10-27,0.2657586045761269
AOI-0059,2015-04-13,0.34268733449454036
AOI-0059,2015-05-22,0.5424501889600769
AOI-0059,2015-06-07,0.7927612694431022
AOI-0059,2015-08-02,0.7946640022744841
AOI-0059,2015-08-10,0.6680941765761352
AOI-0059,2015-08-29,0.6028142689852454
AOI-0059,2015-09-27,0.3865756285200425
AOI-0059,2015-09-30,0.43978210705988147
AOI-0059,2016-05-25,0.8978217350681806
AOI-0059,2016-07-04,0.32291888584692396
AOI-0059,2016-09-14,0.22132365101307191
AOI-0059,2016-10-24,0.19257085904963647
AOI-0059,2017-04-02,0.5586948541474646
AOI-0059,2017-05-06,0.8735891660690966
AOI-0059,2017-05-27,0.8678349501075
AOI-0059,2017-06-04,0.8737147291886689
AOI-0059,2017-06-10,0.8268231414337834
AOI-0059,2017-07-12,0.3256940743963991
AOI-0059,2017-07-23,0.1865478468971531
AOI-0059,2017-07-28,0.27010953167894314
AOI-0059,2017-08-13,0.22424460624423118
AOI-0059,2017-08-29,0.21461469144546994
AOI-0059,2017-09-24,0.21327171114953056
AOI-0059,2018-04-07,0.34916614503933835
AOI-0059,2018-05-22,0.49571635037027567
AOI-0059,2018-05-31,0.4931419122610762
AOI-0059,2018-07-09,0.6068890283768635
AOI-0059,2018-07-18,0.5742236826961876
AOI-0059,2018-07-26,0.44637420805998046
AOI-0059,2018-08-02,0.3919328994705046
AOI-0059,2018-08-10,0.346750623138457
AOI-0059,2018-08-13,0.36270168368468175
AOI-0059,2018-10-06,0.22528982006390497
AOI-0059,2019-04-11,0.6128513487207181
AOI-0059,2019-04-21,0.7888398955024623
AOI-0059,2019-04-23,0.7908999693752092
AOI-0059,2019-05-21,0.8643309364548897
AOI-0059,2019-06-02,0.82859805114237
AOI-0059,2019-06-05,0.8081494748387572
AOI-0059,2019-06-10,0.7364700365989061
AOI-0059,2019-06-15,0.5016904411055149
AOI-0059,2019-06-30,0.29306900503252087
AOI-0059,2019-07-29,0.23357409746127325
AOI-0059,2019-08-21,0.19155788825641973
AOI-0059,2019-08-24,0.15684316090694667
AOI-0059,2019-09-03,0.16804054832441112
AOI-0059,2019-10-13,0.20537530616734317
AOI-0059,2019-10-24,0.1683978102029451
AOI-0059,2020-04-09,0.2171349637514351
AOI-0059,2020-04-18,0.2327767418537623
AOI-0059,2020-04-25,0.22885400505823422
AOI-0059,2020-05-08,0.5194379978672706
AOI-0059,2020-05-12,0.34501699314036904
AOI-0059,2020-06-05,0.7387880240931226
AOI-0059,2020-07-11,0.7239150808806791
AOI-0059,2020-07-30,0.7067481297990535
AOI-0059,2020-10-26,0.1686454717147234
AOI-0059,2021-06-19,0.6535853586586906
AOI-0059,2021-06-23,0.5452020800950348
AOI-0059,2021-06-29,0.3502201367460049
AOI-0059,2021-07-28,0.30555521902997207
AOI-0059,2021-07-29,0.2517244241189212
AOI-0059,2021-08-18,0.47180608563798215
AOI-0059,2021-08-28,0.6247484429695503
AOI-0059,2021-09-07,0.7028837323863507
AOI-0059,2021-09-17,0.6771851116325728
AOI-0059,2021-09-28,0.4595557765872838
AOI-0059,2021-09-30,0.4531952327320483
AOI-0059,2021-10-16,0.2806505548698003
AOI-0059,2022-04-15,0.23485133556398835
AOI-0059,2022-06-10,0.7828754982980174
AOI-0059,2022-06-11,0.7746323050001427
AOI-0059,2022-07-20,0.7607201949965054
AOI-0059,2022-08-18,0.7101566810719696
AOI-0059,2022-09-27,0.42179143066847535
AOI-0059,2022-10-08,0.4382530897155791
AOI-0059,2023-05-13,0.8763693708959693
AOI-0059,2023-05-25,0.8539630376905074
AOI-0059,2023-06-18,0.8131531691387395
AOI-0059,2023-07-16,0.2817528160932542
AOI-0059,2023-07-29,0.17335651021693743
AOI-0059,2023-09-30,0.26562269504806535
AOI-0059,2023-10-12,0.21747919303334234
AOI-0059,2023-10-16,0.283283323473401
AOI-0059,2024-04-04,0.32167311410239524
AOI-0059,2024-04-13,0.3201855576245791
AOI-0059,2024-04-22,0.4495589852500854
AOI-0059,2024-05-19,0.2680694174389703
AOI-0059,2024-06-09,0.5590487525714712
AOI-0059,2024-07-13,0.3846505936373218
AOI-0059,2024-07-17,0.3209343239987633
AOI-0059,2024-07-27,0.3014337747637813
AOI-0059,2024-09-11,0.15973301473033252
AOI-0059,2025-04-01,0.6271201269022868
AOI-0059,2025-04-23,0.8315243971317801
AOI-0059,2025-05-01,0.8389615621761121
AOI-0059,2025-05-09,0.8236660671728181
AOI-0059,2025-05-17,0.8040391625447642
AOI-0059,2025-06-10,0.40459780916535215
AOI-0059,2025-08-29,0.14614933621135517
AOI-0059,2025-09-07,0.19043398623307004
AOI-0059,2025-10-08,0.16053364105545206
AOI-0059,2025-10-28,0.2310895903897121
AOI-0060,2025-04-14,0.7213950576621937
AOI-0060,2025-04-29,0.7910014677015388
AOI-0060,2025-06-03,0.5279165583877123
AOI-0060,2025-07-04,0.6381415960335317
AOI-0060,2025-07-05,0.612091928246386
AOI-0060,2025-07-21,0.4356221010978233
AOI-0060,2025-08-05,0.2533276579423215
AOI-0060,2025-08-29,0.18488490113314932
AOI-0060,2025-08-30,0.22961846562962765
AOI-0060,2025-09-01,0.16694033817968565
AOI-0060,2025-09-11,0.18604779549688086
AOI-0061,2010-04-23,0.3858518431052534
AOI-0061,2010-05-26,0.6577939369382554
AOI-0061,2010-06-11,0.7658507707137713
AOI-0061,2011-06-30,0.4832274011526426
AOI-0061,2011-07-28,0.5017421483167377
AOI-0061,2011-09-18,0.3162501126574042
AOI-0061,2011-09-26,0.37287161132783486
AOI-0061,2012-04-06,0.3888032965069376
AOI-0061,2012-05-24,0.7302295508289322
AOI-0061,2012-08-28,0.5047627319377224
AOI-0061,2012-09-04,0.4289879030233929
AOI-0061,2012-10-22,0.20061385553026265
AOI-0061,2013-04-16,0.712457645225801
AOI-0061,2013-06-10,0.6845590936573548
AOI-0061,2013-06-26,0.5589790077668939
AOI-0061,2013-08-29,0.26937419060084605
AOI-0061,2013-09-14,0.29924730969842867
AOI-0061,2013-10-09,0.21194668250773943
AOI-0061,2014-04-27,0.8347419004242744
AOI-0061,2014-06-26,0.3985829281592482
AOI-0061,2014-07-28,0.27795130601054435
AOI-0061,2015-04-07,0.3690656011142436
AOI-0061,2015-05-08,0.25201545242130424
AOI-0061,2015-09-29,0.24140686648756243
AOI-0061,2016-04-22,0.7772281825072525
AOI-0061,2016-06-19,0.697831105966067
AOI-0061,2016-06-27,0.47293761100225407
AOI-0061,2016-07-13,0.38740482971739193
AOI-0061,2017-04-03,0.19830358012392635
AOI-0061,2017-05-25,0.5500465544974497
AOI-0061,2017-07-02,0.8077116164328394
AOI-0061,2017-07-27,0.7546074815322446
AOI-0061,2017-08-11,0.4926613823110252
AOI-0061,2017-09-02,0.24085014032560262
AOI-0061,2018-04-07,0.7789535450538072
AOI-0061,2018-06-10,0.759346631039285
AOI-0061,2019-04-09,0.20858534806215093
AOI-0061,2019-05-13,0.26480081962407787
AOI-0061,2019-05-21,0.4519530146589211
AOI-0061,2019-05-25,0.6979419184164473
AOI-0061,2019-06-27,0.7022505941621514
AOI-0061,2019-07-12,0.6856472016326056
AOI-0061,2019-08-21,0.6561618565931714
AOI-0061,2019-09-14,0.34742263632282155
AOI-0061,2019-09-23,0.1724773774257511
AOI-0061,2019-10-18,0.2134389449351066
AOI-0061,2019-10-20,0.19179542176262301
AOI-0061,2020-04-17,0.4700699901672609
AOI-0061,2020-05-24,0.7029787039219701
AOI-0061,2020-07-16,0.29563317689619384
AOI-0061,2020-07-19,0.2779495329494231
AOI-0061,2020-07-24,0.3331935392488487
AOI-0061,2020-07-27,0.44614975012047436
AOI-0061,2020-08-08,0.2690812895512124
AOI-0061,2020-08-17,0.28696199118264665
AOI-0061,2020-08-18,0.22700291612998819
AOI-0061,2020-08-23,0.19873895399250277
AOI-0061,2020-09-18,0.18584386160409366
AOI-0061,2020-10-17,0.13997548118322017
AOI-0061,2020-10-29,0.1080505094821638
AOI-0061,2021-05-05,0.8648408641508691
AOI-0061,2021-05-08,0.8723621601728239
AOI-0061,2021-05-15,0.8602271366920006
AOI-0061,2021-07-21,0.16476432340588099
AOI-0061,2021-07-24,0.23554909645510416
AOI-0061,2021-08-04,0.2897925677331587
AOI-0061,2021-08-28,0.3386823914583249
AOI-0061,2021-08-29,0.4150672769540454
AOI-0061,2021-10-29,0.19363752767747333
AOI-0061,2022-04-09,0.31968425625841873
AOI-0061,2022-05-09,0.36921783557278914
AOI-0061,2022-05-22,0.3811435943433589
AOI-0061,2022-05-25,0.5217447267362978
AOI-0061,2022-05-27,0.46057746381384496
AOI-0061,2022-06-12,0.7976290895459064
AOI-0061,2022-06-29,0.7954841385334569
AOI-0061,2022-07-06,0.7661266346338247
AOI-0061,2022-07-21,0.7569358563601706
AOI-0061,2022-07-22,0.8048566522599357
AOI-0061,2022-07-28,0.750332540505289
AOI-0061,2022-08-23,0.4043593656041054
AOI-0061,2023-04-07,0.6411549473797064
AOI-0061,2023-04-25,0.5746011517619973
AOI-0061,2023-05-05,0.6877491620694421
AOI-0061,2023-05-06,0.7521247033991263
AOI-0061,2023-05-17,0.7548663803957429
AOI-0061,2023-06-06,0.7914131124454152
AOI-0061,2023-06-21,0.7442155399966489
AOI-0061,2023-07-17,0.49602561291068087
AOI-0061,2023-07-21,0.4275364166076436
AOI-0061,2023-07-27,0.40249168430920546
AOI-0061,2023-09-24,0.15851357364262172
AOI-0061,2023-10-14,0.14998597846976147
AOI-0061,2023-10-29,0.1814638363192013
AOI-0061,2024-04-29,0.42705225445361605
AOI-0061,2024-05-01,0.4255733944475432
AOI-0061,2024-05-08,0.5329047697191257
AOI-0061,2024-06-20,0.5472155341399809
AOI-0061,2024-07-15,0.40830667617705085
AOI-0061,2024-08-09,0.3638687782122098
AOI-0061,2024-08-12,0.37969023427307996
AOI-0061,2024-09-06,0.2250376270851196
AOI-0061,2024-09-26,0.16159156432575664
AOI-0061,2024-10-07,0.21933100432443006
AOI-0061,2025-04-16,0.6535324283425594
AOI-0061,2025-04-19,0.717953427595643
AOI-0061,2025-05-28,0.8208920715980818
AOI-0061,2025-06-28,0.45920609739838575
AOI-0061,2025-07-07,0.3241474207330921
AOI-0061,2025-07-10,0.338645210977213
AOI-0061,2025-07-28,0.24235249018707314
AOI-0061,2025-08-16,0.17616352276851624
AOI-0061,2025-08-29,0.19017198625205414
AOI-0061,2025-09-24,0.32091824285544207
AOI-0061,2025-09-26,0.3022173834941454
AOI-0061,2025-10-16,0.37973014272965455
AOI-0062,2010-04-24,0.8278094133045434
AOI-0062,2010-05-09,0.841217786114421
AOI-0062,2010-05-26,0.854710285979251
AOI-0062,2010-08-13,0.22808301458355532
AOI-0062,2010-10-16,0.4066993118707033
AOI-0062,2011-06-14,0.7798192211134182
AOI-0062,2011-07-28,0.5217376346422475
AOI-0062,2011-10-16,0.4661075650905811
AOI-0062,2012-06-09,0.720921282780774
AOI-0062,2012-08-28,0.2718706479003718
AOI-0062,2012-09-04,0.20354617548793785
AOI-0062,2012-09-13,0.27014454129880827
AOI-0062,2013-04-23,0.3932768541697021
AOI-0062,2013-07-12,0.7309512927984992
AOI-0062,2013-07-28,0.6845623235978056
AOI-0062,2013-09-14,0.35612901447929096
AOI-0062,2013-10-16,0.2624439110507162
AOI-0062,2014-06-30,0.2969910917354866
AOI-0062,2014-10-04,0.42064579203509284
AOI-0062,2015-04-22,0.5754067337287087
AOI-0062,2015-05-09,0.7369953969449865
AOI-0062,2015-09-05,0.22627970177770892
AOI-0062,2015-09-21,0.2380693394754144
AOI-0062,2016-05-08,0.8467141693824258
AOI-0062,2016-07-11,0.345343587107068
AOI-0062,2016-07-27,0.34453379870586687
AOI-0062,2016-09-13,0.23813643566871895
AOI-0062,2016-10-25,0.33966386881436345
AOI-0062,2017-04-07,0.3924237243597317
AOI-0062,2017-07-28,0.6865712561764469
AOI-0062,2017-09-15,0.19211500634722378
AOI-0062,2018-04-06,0.6995335617966233
AOI-0062,2018-04-07,0.7322461182119274
AOI-0062,2018-06-02,0.8203506934835015
AOI-0062,2018-06-25,0.347466273742331
AOI-0062,2018-07-28,0.2528514909242497
AOI-0062,2018-08-28,0.23304374818686385
AOI-0062,2019-04-08,0.1693057651461508
AOI-0062,2019-04-11,0.1807225388987928
AOI-0062,2019-06-17,0.7195224624459994
AOI-0062,2019-07-06,0.7222116589198879
AOI-0062,2019-08-09,0.6850263204939705
AOI-0062,2019-08-23,0.3186977555688299
AOI-0062,2019-09-23,0.1406469445688074
AOI-0062,2019-10-18,0.19600705922192574
AOI-0062,2019-10-23,0.2630552053581826
AOI-0062,2019-10-28,0.18282059504517828
AOI-0062,2020-04-30,0.7923285799634017
AOI-0062,2020-05-30,0.8131492858454901
AOI-0062,2020-06-16,0.5152952651064063
AOI-0062,2020-07-26,0.14986965931648086
AOI-0062,2020-08-18,0.15080850319771671
AOI-0062,2020-08-20,0.1460093580122347
AOI-0062,2020-08-23,0.15265621586656783
AOI-0062,2020-08-25,0.16173047766109794
AOI-0062,2020-09-07,0.13016120165676515
AOI-0062,2020-09-09,0.15446951153218813
AOI-0062,2020-10-07,0.15581476740768738
AOI-0062,2020-10-15,0.24229453460864228
AOI-0062,2021-04-23,0.43003499535207956
AOI-0062,2021-05-05,0.22338802656923884
AOI-0062,2021-05-08,0.2444822675026842
AOI-0062,2021-05-12,0.21022709543278556
AOI-0062,2021-06-06,0.3650153137726534
AOI-0062,2021-06-10,0.6176405199457348
AOI-0062,2021-07-01,0.7192004908746199
AOI-0062,2021-07-26,0.6855194140389971
AOI-0062,2021-07-29,0.6966132215632169
AOI-0062,2021-09-12,0.1990267505112081
AOI-0062,2021-09-13,0.2256694753108022
AOI-0062,2021-09-19,0.1606621128706285
AOI-0062,2021-09-27,0.19525061279060454
AOI-0062,2021-09-29,0.12146585763184327
AOI-0062,2021-10-07,0.15303476280233483
AOI-0062,2021-10-16,0.28478809986913917
AOI-0062,2022-04-10,0.7255901651154243
AOI-0062,2022-04-27,0.8169028516577621
AOI-0062,2022-05-11,0.880053880637705
AOI-0062,2022-05-25,0.833260234047011
AOI-0062,2022-07-21,0.18985640472253687
AOI-0062,2022-07-24,0.17859240396698475
AOI-0062,2022-08-23,0.1849793384783132
AOI-0062,2022-09-14,0.19841203727262113
AOI-0062,2022-09-18,0.15509243667550943
AOI-0062,2022-09-30,0.2539504437971401
AOI-0062,2022-10-19,0.1453114006881528
AOI-0062,2023-05-17,0.3068556649263905
AOI-0062,2023-06-18,0.8599626608882224
AOI-0062,2023-06-24,0.8374982424927867
AOI-0062,2023-07-14,0.8311728538325305
AOI-0062,2023-08-05,0.40907039835845377
AOI-0062,2023-08-25,0.1337451492170094
AOI-0062,2023-09-17,0.1569705873704273
AOI-0062,2023-10-12,0.19711931108375233
AOI-0062,2023-10-16,0.2566059590620943
AOI-0062,2024-04-22,0.8579614885249445
AOI-0062,2024-06-03,0.8341610925837348
AOI-0062,2024-06-08,0.7144568858201633
AOI-0062,2024-06-23,0.2766773239354811
AOI-0062,2024-07-30,0.12733661971252105
AOI-0062,2024-08-04,0.13002762973606935
AOI-0062,2024-08-12,0.1530740527473539
AOI-0062,2024-09-06,0.15426929134873302
AOI-0062,2024-10-26,0.13312025719097034
AOI-0062,2025-04-01,0.2538139312855521
AOI-0062,2025-04-07,0.47692638963441863
AOI-0062,2025-04-11,0.2744475947622924
AOI-0062,2025-04-24,0.2694596794168863
AOI-0062,2025-04-29,0.2662520732521843
AOI-0062,2025-05-28,0.29098741404943534
AOI-0062,2025-06-28,0.8199235924808379
AOI-0062,2025-07-06,0.7560439339136185
AOI-0062,2025-07-07,0.7188922658384095
AOI-0062,2025-07-15,0.49012147850856647
AOI-0062,2025-07-25,0.39322617009991195
AOI-0062,2025-08-02,0.3545102912022368
AOI-0062,2025-08-17,0.2484017293343824
AOI-0062,2025-09-24,0.23587667666252654
AOI-0062,2025-09-30,0.2788637240910092
AOI-0062,2025-10-08,0.16267350605288394
AOI-0062,2025-10-13,0.16333086173231073
AOI-0063,2025-04-14,0.221657422430374
AOI-0063,2025-04-19,0.2762021042031446
AOI-0063,2025-04-23,0.43879661362431877
AOI-0063,2025-04-24,0.2429629621083583
AOI-0063,2025-05-06,0.21193328010942883
AOI-0063,2025-05-25,0.592842726635938
AOI-0063,2025-06-05,0.6990079430347921
AOI-0063,2025-06-25,0.8533489010001596
AOI-0063,2025-06-28,0.8109199261300858
AOI-0063,2025-06-30,0.7789878933006338
AOI-0063,2025-07-06,0.7773764801386032
AOI-0063,2025-07-07,0.7258276952995965
AOI-0063,2025-07-22,0.49224631791900436
AOI-0063,2025-08-23,0.4422587634119399
AOI-0063,2025-09-13,0.26386203583866324
AOI-0063,2025-09-14,0.36738450580973897
AOI-0064,2025-04-14,0.40768746166600384
AOI-0064,2025-04-23,0.6042958965804256
AOI-0064,2025-04-24,0.46165585723842484
AOI-0064,2025-06-03,0.7832880247682709
AOI-0064,2025-06-05,0.7609564186156776
AOI-0064,2025-06-26,0.41643559625714455
AOI-0064,2025-06-27,0.4475040230677758
AOI-0064,2025-06-28,0.4109402547701732
AOI-0064,2025-07-10,0.28657716659917704
AOI-0064,2025-08-12,0.1831874764051533
AOI-0064,2025-08-19,0.14591396835410544
AOI-0064,2025-08-27,0.19019151472347273
AOI-0064,2025-08-31,0.22931509455112753
AOI-0064,2025-09-13,0.193459181759699
AOI-0064,2025-10-06,0.198420568718286
AOI-0064,2025-10-13,0.16161075291263735
AOI-0065,2025-04-19,0.4723850353244129
AOI-0065,2025-05-01,0.4937675440630981
AOI-0065,2025-06-04,0.5194830894576005
AOI-0065,2025-06-05,0.5254420985334781
AOI-0065,2025-06-08,0.5199955060901936
AOI-0065,2025-06-26,0.5761470480725838
AOI-0065,2025-07-15,0.4456948953247199
AOI-0065,2025-07-18,0.42274951440944836
AOI-0065,2025-08-07,0.24500667151346736
AOI-0065,2025-08-17,0.23157080906295868
AOI-0065,2025-09-14,0.29810195858096455
AOI-0065,2025-09-25,0.1761036929729714
AOI-0065,2025-09-30,0.3167402374068138
AOI-0065,2025-10-08,0.21657084201683452
AOI-0066,2025-06-05,0.4878931346300718
AOI-0066,2025-07-05,0.7402519689658604
AOI-0066,2025-07-15,0.6484345296326547
AOI-0066,2025-07-25,0.49853237919783355
AOI-0066,2025-07-27,0.4633794923980749
AOI-0066,2025-08-14,0.27324273707592184
AOI-0066,2025-09-01,0.20462686486966924
AOI-0067,2010-04-25,0.1889872733828828
AOI-0067,2010-06-20,0.19049190137701152
AOI-0067,2010-06-26,0.30825320845483223
AOI-0067,2010-07-13,0.17627609535738803
AOI-0067,2010-07-21,0.14204624147266767
AOI-0067,2010-08-06,0.1335928428288595
AOI-0067,2010-08-07,0.13904310111008988
AOI-0067,2010-08-15,0.13437679549053977
AOI-0067,2010-09-23,0.14201241543197174
AOI-0067,2010-10-09,0.1449043762791617
AOI-0067,2011-05-09,0.3374741670300037
AOI-0067,2011-05-14,0.22377171860795336
AOI-0067,2011-09-03,0.3780025284016074
AOI-0067,2011-09-19,0.32475591466358744
AOI-0067,2012-05-08,0.3471773541449289
AOI-0067,2012-06-09,0.22691991759577052
AOI-0067,2012-07-27,0.14460558368663343
AOI-0067,2012-09-29,0.15571291069041723
AOI-0067,2013-07-30,0.2037269937567822
AOI-0067,2013-08-29,0.37531740390807417
AOI-0067,2014-05-21,0.2136069180694374
AOI-0067,2014-05-25,0.2704696420831843
AOI-0067,2014-06-06,0.20168380425158527
AOI-0067,2014-06-07,0.2052641670879856
AOI-0067,2014-07-01,0.19442162340493072
AOI-0067,2014-07-16,0.21799390097826174
AOI-0067,2014-07-17,0.15873491285450103
AOI-0067,2014-09-14,0.23312660899974785
AOI-0067,2014-10-12,0.1315053622746766
AOI-0067,2015-04-15,0.14874206288074446
AOI-0067,2015-05-09,0.299189823973116
AOI-0067,2015-06-02,0.206866854600413
AOI-0067,2015-06-18,0.21266011064685322
AOI-0067,2015-07-12,0.4021027686514367
AOI-0067,2015-07-20,0.4256816216545927
AOI-0067,2015-08-29,0.5573559528746951
AOI-0067,2015-09-14,0.4270311066829159
AOI-0067,2015-09-29,0.24122981334855362
AOI-0067,2016-05-03,0.2162794941667292
AOI-0067,2016-05-10,0.2039978154241228
AOI-0067,2016-05-11,0.2476395302506009
AOI-0067,2016-06-25,0.21798105251717828
AOI-0067,2016-07-14,0.24800445243630762
AOI-0067,2016-07-27,0.32471049026038373
AOI-0067,2016-09-29,0.27097191341073273
AOI-0067,2016-10-25,0.2005758503686672
AOI-0067,2017-04-04,0.13651596938523408
AOI-0067,2017-04-28,0.15651189428928583
AOI-0067,2017-05-05,0.19156545074384038
AOI-0067,2017-06-07,0.24477782182972715
AOI-0067,2017-07-09,0.4335018982425756
AOI-0067,2017-07-25,0.5120855273334023
AOI-0067,2017-08-02,0.5582010339740789
AOI-0067,2017-08-11,0.5273510234740746
AOI-0067,2017-08-13,0.5458685969216671
AOI-0067,2017-08-29,0.5632757890350507
AOI-0067,2017-09-14,0.5154112352975019
AOI-0067,2017-09-20,0.42669970856188844
AOI-0067,2018-04-06,0.1676157069213637
AOI-0067,2018-04-23,0.2754412377747552
AOI-0067,2018-05-25,0.17647560913536317
AOI-0067,2018-07-11,0.17707737559943898
AOI-0067,2018-08-29,0.14119338122119204
AOI-0067,2019-05-08,0.7477973402015514
AOI-0067,2019-05-28,0.8167639277247651
AOI-0067,2019-06-12,0.5064141788416463
AOI-0067,2019-07-12,0.3437114520450979
AOI-0067,2019-07-14,0.28200776284793316
AOI-0067,2019-07-28,0.4658455648717311
AOI-0067,2019-08-08,0.43436605075036516
AOI-0067,2019-08-11,0.392542193452889
AOI-0067,2019-08-29,0.3377856706597603
AOI-0067,2019-09-05,0.2781177895748553
AOI-0067,2019-09-16,0.3002923744092498
AOI-0067,2019-09-24,0.2563110816835411
AOI-0067,2019-10-02,0.31255640269190205
AOI-0067,2019-10-03,0.251980066117565
AOI-0067,2019-10-15,0.27509793075495237
AOI-0067,2020-04-22,0.15344158395211102
AOI-0067,2020-04-27,0.1753474197707249
AOI-0067,2020-05-02,0.1600335149747687
AOI-0067,2020-05-08,0.3024665296593239
AOI-0067,2020-07-06,0.6054132940512704
AOI-0067,2020-07-25,0.5064760583849593
AOI-0067,2020-07-26,0.46815401684637165
AOI-0067,2020-07-27,0.4969800080728589
AOI-0067,2020-08-25,0.36354010191689906
AOI-0067,2020-10-15,0.26792770190119664
AOI-0067,2021-05-16,0.28917901537984675
AOI-0067,2021-06-06,0.5613042760970328
AOI-0067,2021-06-16,0.6364274328427272
AOI-0067,2021-06-18,0.6796310230240263
AOI-0067,2021-07-04,0.41087827154858575
AOI-0067,2021-08-30,0.28219699246922325
AOI-0067,2021-09-09,0.350411672996094
AOI-0067,2021-10-09,0.17626955261537602
AOI-0067,2022-04-02,0.15364775615951604
AOI-0067,2022-04-23,0.31894902847074197
AOI-0067,2022-04-26,0.20121016805899244
AOI-0067,2022-06-01,0.2570864981914915
AOI-0067,2022-07-01,0.6347536847788094
AOI-0067,2022-08-23,0.45536898555381106
AOI-0067,2022-08-24,0.4595726024307162
AOI-0067,2022-08-29,0.4160994020664759
AOI-0067,2022-09-01,0.35287739243362864
AOI-0067,2022-09-25,0.3858451488388451
AOI-0067,2022-10-09,0.2789150887795102
AOI-0067,2022-10-14,0.2473586845064214
AOI-0067,2023-04-23,0.2767103924175234
AOI-0067,2023-05-31,0.21728934361809754
AOI-0067,2023-06-30,0.7027295624840125
AOI-0067,2023-07-12,0.6431343572852968
AOI-0067,2023-07-21,0.6012997395398363
AOI-0067,2023-07-27,0.5255479940930551
AOI-0067,2023-08-26,0.3193283133498988
AOI-0067,2023-09-24,0.22233267785367078
AOI-0067,2023-09-27,0.2610400165784772
AOI-0067,2023-10-05,0.24270876434026697
AOI-0067,2023-10-13,0.20781983465373288
AOI-0067,2024-04-01,0.20847959932278315
AOI-0067,2024-04-11,0.214165732073997
AOI-0067,2024-05-09,0.4650340599128138
AOI-0067,2024-05-24,0.6044588574818991
AOI-0067,2024-07-05,0.2768048234446621
AOI-0067,2024-07-10,0.2591262019985113
AOI-0067,2024-08-29,0.1382717023839542
AOI-0067,2024-09-06,0.16601700316832865
AOI-0067,2024-09-23,0.13224669657027355
AOI-0067,2025-04-17,0.16230754119381033
AOI-0067,2025-04-23,0.27057977010101214
AOI-0067,2025-04-28,0.16122732820822214
AOI-0067,2025-06-05,0.16171707730684606
AOI-0067,2025-06-21,0.3053220397383202
AOI-0067,2025-06-26,0.40546950834180995
AOI-0067,2025-07-05,0.4845187232221269
AOI-0067,2025-07-14,0.546464466979259
AOI-0067,2025-07-15,0.5534528980489809
AOI-0067,2025-08-06,0.5779352983776697
AOI-0067,2025-09-01,0.44868825357110914
AOI-0067,2025-09-23,0.2786243606881503
AOI-0067,2025-10-03,0.23290843817228665
AOI-0068,2010-04-16,0.15752243685061737
AOI-0068,2010-05-02,0.17011482487770752
AOI-0068,2010-05-09,0.3432002793564581
AOI-0068,2010-06-20,0.15595388991867273
AOI-0068,2010-07-13,0.16329386960739362
AOI-0068,2010-07-14,0.14610485874216972
AOI-0068,2010-07-28,0.21127944940496324
AOI-0068,2010-08-07,0.13515453697383795
AOI-0068,2010-08-29,0.21636022790428164
AOI-0068,2011-04-07,0.4518436823865651
AOI-0068,2011-05-30,0.6161176418031518
AOI-0068,2011-06-15,0.40656022832938543
AOI-0068,2011-06-23,0.2430085332120869
AOI-0068,2011-07-16,0.19070567917245493
AOI-0068,2011-08-09,0.16211140321756468
AOI-0068,2011-09-03,0.1820552425117617
AOI-0068,2012-07-27,0.1564645691883344
AOI-0068,2012-08-03,0.1488418322724688
AOI-0068,2012-10-22,0.13772918621769042
AOI-0068,2013-06-19,0.24541031906381708
AOI-0068,2013-06-27,0.26483876205112616
AOI-0068,2013-07-28,0.28459022155229874
AOI-0068,2014-04-27,0.4487864347910229
AOI-0068,2014-07-28,0.1978270754714034
AOI-0068,2014-08-17,0.18211435286154584
AOI-0068,2014-08-25,0.13376188481926457
AOI-0068,2014-10-05,0.13659416570828642
AOI-0068,2014-10-16,0.2014564863244833
AOI-0068,2014-10-29,0.1965776984824487
AOI-0068,2015-06-09,0.3549660467011639
AOI-0068,2015-07-27,0.25169374996833627
AOI-0068,2015-08-04,0.2831425326766633
AOI-0068,2016-05-02,0.2893063474572727
AOI-0068,2016-05-11,0.2988556132035506
AOI-0068,2016-07-14,0.38119471845547775
AOI-0068,2016-08-28,0.32769459571609505
AOI-0068,2016-09-13,0.3239456143801231
AOI-0068,2016-09-29,0.39138143662246117
AOI-0068,2017-05-14,0.5335165439310022
AOI-0068,2017-06-10,0.4557704566826473
AOI-0068,2017-06-22,0.44761537604910195
AOI-0068,2017-06-27,0.27327060659422714
AOI-0068,2017-07-12,0.292338881850808
AOI-0068,2017-08-02,0.2070062087278735
AOI-0068,2017-08-11,0.1603230401160095
AOI-0068,2017-08-13,0.23880942470861705
AOI-0068,2017-09-02,0.1599861296675097
AOI-0068,2017-09-03,0.2028327118072508
AOI-0068,2018-04-28,0.23410800852952315
AOI-0068,2018-05-09,0.40128875850687384
AOI-0068,2018-06-07,0.1919761311648271
AOI-0068,2018-07-11,0.17872238331186976
AOI-0068,2018-08-28,0.1751260651142078
AOI-0068,2018-09-06,0.1630039215066171
AOI-0068,2018-09-21,0.1320585081498425
AOI-0068,2019-05-25,0.6183354256439948
AOI-0068,2019-05-28,0.5564790310982766
AOI-0068,2019-06-28,0.2155756038248504
AOI-0068,2019-08-07,0.2209134637852754
AOI-0068,2019-09-01,0.1608727614160372
AOI-0068,2019-09-05,0.1733105280020387
AOI-0068,2019-09-15,0.1630397733094972
AOI-0068,2019-09-24,0.2175207568394398
AOI-0068,2019-09-25,0.22654973748639845
AOI-0068,2019-09-30,0.3488584026699048
AOI-0068,2019-10-02,0.29067934589160677
AOI-0068,2019-10-25,0.335654791027066
AOI-0068,2020-04-02,0.3407697595616369
AOI-0068,2020-04-06,0.4023232552932724
AOI-0068,2020-04-12,0.2988266973481453
AOI-0068,2020-04-19,0.2901334311286445
AOI-0068,2020-06-26,0.18131254098360405
AOI-0068,2020-07-27,0.17813559106758467
AOI-0068,2020-07-31,0.09406896509069647
AOI-0068,2020-09-03,0.13354187630892325
AOI-0068,2020-10-05,0.1349581432738808
AOI-0068,2020-10-20,0.21719263908092817
AOI-0068,2021-05-01,0.24276955274514303
AOI-0068,2021-05-16,0.45334126927552404
AOI-0068,2021-06-11,0.4588411402693285
AOI-0068,2021-06-16,0.43563536018427024
AOI-0068,2021-07-19,0.27491622657452014
AOI-0068,2021-07-31,0.20774427084961467
AOI-0068,2021-09-30,0.4402283988264586
AOI-0068,2022-04-02,0.3146565171759407
AOI-0068,2022-04-12,0.3305831597063188
AOI-0068,2022-04-23,0.5200583708102671
AOI-0068,2022-05-12,0.45560148264979394
AOI-0068,2022-05-27,0.3573631823662332
AOI-0068,2022-06-08,0.3408747231569877
AOI-0068,2022-06-20,0.25603324601390254
AOI-0068,2022-07-01,0.18760962262884515
AOI-0068,2022-07-14,0.18017338945758288
AOI-0068,2022-07-30,0.2101482844100464
AOI-0068,2022-08-15,0.15164030837764758
AOI-0068,2023-04-03,0.5010226814931302
AOI-0068,2023-04-17,0.45265669383431606
AOI-0068,2023-05-09,0.6555081424552226
AOI-0068,2023-06-06,0.49961443555839047
AOI-0068,2023-06-30,0.2584684147357895
AOI-0068,2023-07-05,0.22555270653925696
AOI-0068,2023-08-03,0.2961434586590018
AOI-0068,2023-08-13,0.30219874659270446
AOI-0068,2023-09-03,0.3662227925718325
AOI-0068,2023-09-24,0.33448218332843627
AOI-0068,2023-10-06,0.3189135628992896
AOI-0068,2023-10-11,0.2947201970234025
AOI-0068,2024-05-01,0.229162106761809
AOI-0068,2024-05-09,0.21486019953820965
AOI-0068,2024-06-15,0.13691653404099222
AOI-0068,2024-08-05,0.19756093905541675
AOI-0068,2024-08-09,0.13300816291061318
AOI-0068,2024-08-19,0.1447519564594166
AOI-0068,2024-08-28,0.18753108293077864
AOI-0068,2024-09-08,0.1487331717001588
AOI-0068,2024-09-14,0.17963564046164981
AOI-0068,2024-09-29,0.18205286120658426
AOI-0068,2024-10-13,0.13280959845112666
AOI-0068,2025-05-08,0.6789631168921537
AOI-0068,2025-05-11,0.5995041995302766
AOI-0068,2025-05-20,0.7020006955148679
AOI-0068,2025-06-10,0.3448698773389792
AOI-0068,2025-06-15,0.30983207099835786
AOI-0068,2025-06-17,0.2792599923707255
AOI-0068,2025-06-30,0.21851962758199708
AOI-0068,2025-07-22,0.22387620753377252
AOI-0068,2025-07-28,0.25198187298235986
AOI-0068,2025-08-13,0.29258515721708633
AOI-0068,2025-08-14,0.20855863733462876
AOI-0068,2025-08-23,0.254673587814656
AOI-0068,2025-08-24,0.17834348495059335
AOI-0068,2025-09-08,0.19622626868226248
AOI-0068,2025-09-14,0.28055116464123486
AOI-0068,2025-09-24,0.24329063818958108
AOI-0069,2025-04-16,0.17237560911158634
AOI-0069,2025-04-21,0.1694527828139072
AOI-0069,2025-04-23,0.2690373157410583
AOI-0069,2025-05-01,0.1866131328676962
AOI-0069,2025-05-11,0.20983437826172974
AOI-0069,2025-05-25,0.5263258813964778
AOI-0069,2025-05-28,0.4276326160863095
AOI-0069,2025-06-10,0.42893903700859654
AOI-0069,2025-06-25,0.2366621738250659
AOI-0069,2025-06-26,0.3367797993748212
AOI-0069,2025-07-05,0.21851428421281835
AOI-0069,2025-07-06,0.2597848685299971
AOI-0069,2025-07-22,0.17492720168038522
AOI-0069,2025-08-07,0.15174562439308747
AOI-0069,2025-08-14,0.13838329986984887
AOI-0069,2025-09-01,0.15422983281941108
AOI-0069,2025-09-14,0.21697220935152095
AOI-0069,2025-09-24,0.1724787325211645
AOI-0069,2025-09-25,0.13528556109027168
AOI-0069,2025-09-28,0.1519732796104118
AOI-0070,2025-05-11,0.2292651643374875
AOI-0070,2025-05-25,0.34126847879232075
AOI-0070,2025-06-07,0.20361633491716621
AOI-0070,2025-06-10,0.17232286069958402
AOI-0070,2025-06-25,0.1634621690594846
AOI-0070,2025-07-12,0.25122047933252967
AOI-0070,2025-08-24,0.13913257007917898
AOI-0070,2025-08-31,0.18080205921674752
AOI-0070,2025-09-25,0.1551673409968199
AOI-0070,2025-10-02,0.20473993232914306
AOI-0070,2025-10-13,0.1616595418053777
AOI-0070,2025-10-23,0.21210037574454452
AOI-0071,2025-04-16,0.3234284162560983
AOI-0071,2025-04-18,0.33457058068828277
AOI-0071,2025-04-21,0.3474050943169732
AOI-0071,2025-05-25,0.5031528913769122
AOI-0071,2025-06-26,0.5781533546915331
AOI-0071,2025-07-06,0.5519614050747156
AOI-0071,2025-07-07,0.5170800495099143
AOI-0071,2025-07-12,0.47570486826385777
AOI-0071,2025-08-13,0.4592811487504802
AOI-0071,2025-08-23,0.4304998183555932
AOI-0071,2025-08-24,0.37489059336520314
AOI-0071,2025-08-26,0.38459165526124367
AOI-0071,2025-08-29,0.3747648893743117
AOI-0071,2025-09-01,0.38104578010640916
AOI-0071,2025-09-15,0.3498159901453902
AOI-0071,2025-09-28,0.3210015396531123
AOI-0072,2025-05-08,0.8536223286531072
AOI-0072,2025-06-04,0.6966860829768239
AOI-0072,2025-07-05,0.189773088853358
AOI-0072,2025-07-06,0.27068762286252346
AOI-0072,2025-07-14,0.20344992422607763
AOI-0072,2025-07-17,0.13186171874611938
AOI-0072,2025-08-07,0.15490293178663658
AOI-0072,2025-08-19,0.16049618040203972
AOI-0072,2025-08-29,0.17140968775675086
AOI-0072,2025-09-03,0.12626387135220218
AOI-0072,2025-09-15,0.15496793470977402
AOI-0072,2025-09-16,0.17024664511287385
AOI-0072,2025-09-30,0.24978351142317137
AOI-0072,2025-10-03,0.152967672037094
AOI-0072,2025-10-13,0.1302122004772406
AOI-0073,2010-06-26,0.6257714464235838
AOI-0073,2010-07-12,0.5744106226806398
AOI-0073,2011-04-07,0.2603254141343731
AOI-0073,2011-07-14,0.5511533556529941
AOI-0073,2011-09-14,0.37652461084094385
AOI-0073,2012-04-22,0.5011644311867972
AOI-0073,2012-04-27,0.3645426390012201
AOI-0073,2012-05-24,0.7095407238768923
AOI-0073,2012-09-29,0.3039348917114349
AOI-0073,2013-04-03,0.26974252911079033
AOI-0073,2013-06-10,0.5073107787214953
AOI-0073,2013-06-25,0.5069604783771345
AOI-0073,2013-07-12,0.5433895123470273
AOI-0073,2013-07-28,0.6407847418299952
AOI-0073,2013-09-30,0.4102285418178707
AOI-0073,2014-05-27,0.5767749356039665
AOI-0073,2014-07-12,0.7248417943178327
AOI-0073,2014-07-30,0.6786004958288623
AOI-0073,2014-08-13,0.5190326216375625
AOI-0073,2014-09-14,0.3664125322550999
AOI-0073,2014-10-10,0.23487015820645435
AOI-0073,2015-05-22,0.3365110304813569
AOI-0073,2015-05-30,0.3802371850920369
AOI-0073,2015-06-10,0.641696535242072
AOI-0073,2015-06-15,0.4736775954431914
AOI-0073,2015-07-01,0.6412257838619527
AOI-0073,2015-07-09,0.6120125959439119
AOI-0073,2015-08-26,0.3457750856678785
AOI-0073,2015-10-05,0.2073969325518897
AOI-0073,2016-04-06,0.466791918846745
AOI-0073,2017-04-23,0.32717203484170676
AOI-0073,2017-06-04,0.39741248490117803
AOI-0073,2017-06-12,0.48101941483868366
AOI-0073,2017-07-06,0.7538617694675191
AOI-0073,2017-07-18,0.7339475575649202
AOI-0073,2017-08-07,0.6594380852567521
AOI-0073,2017-08-12,0.6478571220434537
AOI-0073,2017-10-11,0.26228223987568533
AOI-0073,2017-10-16,0.3241841319977024
AOI-0073,2018-04-16,0.17881351299173812
AOI-0073,2019-05-17,0.28586971176915893
AOI-0073,2019-05-19,0.2626327446289047
AOI-0073,2019-06-03,0.5255514692034757
AOI-0073,2019-07-13,0.6474951829576845
AOI-0073,2019-08-07,0.6370272591921584
AOI-0073,2019-08-12,0.6228631511475474
AOI-0073,2019-09-06,0.3417699573292531
AOI-0073,2019-09-11,0.3052744209852789
AOI-0073,2019-09-15,0.27865603733509425
AOI-0073,2019-09-16,0.3199235216299735
AOI-0073,2019-09-28,0.2365927752779986
AOI-0073,2019-10-16,0.2841837329492958
AOI-0073,2019-10-26,0.2400803682910797
AOI-0073,2020-04-05,0.11960049845729309
AOI-0073,2020-04-15,0.1973278110570862
AOI-0073,2020-04-22,0.4612650187686156
AOI-0073,2020-05-18,0.5918020644900389
AOI-0073,2020-07-04,0.30077987524613226
AOI-0073,2020-07-06,0.34157355683981055
AOI-0073,2020-07-24,0.20418537547661295
AOI-0073,2020-07-29,0.1745915339437662
AOI-0073,2020-08-12,0.3669858449604278
AOI-0073,2020-09-01,0.2046971444853254
AOI-0073,2020-09-20,0.16384124081193996
AOI-0073,2020-10-20,0.25114469468919864
AOI-0073,2020-10-26,0.22316192702318582
AOI-0073,2021-05-06,0.2134497768907821
AOI-0073,2021-05-13,0.190461145798692
AOI-0073,2021-05-15,0.19259725947392078
AOI-0073,2021-06-29,0.5449697706323946
AOI-0073,2021-07-25,0.7466565107498007
AOI-0073,2021-08-02,0.6850644266692623
AOI-0073,2021-09-07,0.32845979938753467
AOI-0073,2021-09-14,0.4069525775617746
AOI-0073,2021-09-15,0.25236300947371154
AOI-0073,2022-04-23,0.2744561374964494
AOI-0073,2022-04-25,0.1880607456855445
AOI-0073,2022-06-04,0.20997924830504575
AOI-0073,2022-06-07,0.29457485501320374
AOI-0073,2022-06-09,0.29811632373781927
AOI-0073,2022-06-14,0.3511609733288855
AOI-0073,2022-07-05,0.7572355139869625
AOI-0073,2022-07-07,0.7657643322570113
AOI-0073,2022-09-10,0.4025370967730755
AOI-0073,2022-09-30,0.37681479564811415
AOI-0073,2023-04-02,0.1876772599257051
AOI-0073,2023-04-28,0.25472342216994615
AOI-0073,2023-05-03,0.250105827158572
AOI-0073,2023-05-05,0.279943281803574
AOI-0073,2023-05-13,0.34359582710874276
AOI-0073,2023-06-04,0.5225507450698149
AOI-0073,2023-06-07,0.5048652590444282
AOI-0073,2023-07-25,0.3287295858964657
AOI-0073,2023-07-31,0.30087142788577215
AOI-0073,2023-08-06,0.2476832050361395
AOI-0073,2023-08-16,0.22439208456837262
AOI-0073,2023-08-28,0.18781417382013577
AOI-0073,2023-09-07,0.19819761541919598
AOI-0073,2023-09-12,0.19752718126007393
AOI-0073,2023-09-29,0.20104265032989116
AOI-0073,2023-10-11,0.26532685671362
AOI-0073,2023-10-15,0.22019636197268294
AOI-0073,2024-04-14,0.4691572932621851
AOI-0073,2024-04-20,0.5991035370027443
AOI-0073,2024-05-06,0.6093416890958149
AOI-0073,2024-05-07,0.5970924274427809
AOI-0073,2024-06-23,0.3513347336349809
AOI-0073,2024-07-03,0.29673590011328427
AOI-0073,2024-07-11,0.32291950193561064
AOI-0073,2024-07-13,0.28146297885416044
AOI-0073,2024-07-21,0.2495505586334467
AOI-0073,2024-07-25,0.3031596969511506
AOI-0073,2024-08-12,0.1818961623728457
AOI-0073,2024-08-28,0.31462763651846953
AOI-0073,2024-09-01,0.16714262311145794
AOI-0073,2024-09-13,0.30241213106164255
AOI-0073,2024-09-29,0.21274834714347393
AOI-0073,2025-04-07,0.2520140933873296
AOI-0073,2025-04-15,0.20650302922713343
AOI-0073,2025-04-19,0.1968719411396122
AOI-0073,2025-04-22,0.1897938437017511
AOI-0073,2025-04-23,0.2927646700828614
AOI-0073,2025-04-29,0.20423802466666977
AOI-0073,2025-05-11,0.2223519660880268
AOI-0073,2025-05-22,0.1953053128339665
AOI-0073,2025-05-29,0.2514666907635456
AOI-0073,2025-06-03,0.33790913468414385
AOI-0073,2025-06-30,0.765677327702553
AOI-0073,2025-07-06,0.7639894143485988
AOI-0073,2025-07-08,0.7330610969938642
AOI-0073,2025-07-28,0.7342062158618453
AOI-0073,2025-08-05,0.7247179150616817
AOI-0073,2025-08-07,0.6767529450433175
AOI-0073,2025-08-22,0.4625262231752466
AOI-0073,2025-08-27,0.3416010074684004
AOI-0073,2025-09-22,0.30202276789460736
AOI-0074,2010-07-12,0.3877408469366269
AOI-0074,2010-08-29,0.3277485922009395
AOI-0074,2011-05-27,0.4140163931133327
AOI-0074,2011-06-20,0.5462503366938867
AOI-0074,2011-06-26,0.7495296308183809
AOI-0074,2011-07-06,0.7117174543490726
AOI-0074,2011-09-24,0.20211632442509428
AOI-0074,2013-06-25,0.43914126240911916
AOI-0074,2013-07-03,0.4745337172507334
AOI-0074,2013-07-11,0.3243348105152426
AOI-0074,2013-08-13,0.3023388458457513
AOI-0074,2014-07-14,0.8079896934579971
AOI-0074,2014-07-28,0.702560323070465
AOI-0074,2014-09-14,0.3187761884666813
AOI-0074,2014-10-16,0.26823750461616064
AOI-0074,2015-04-23,0.26272270435972483
AOI-0074,2015-04-28,0.19020512974268458
AOI-0074,2015-07-25,0.6722941553666434
AOI-0074,2015-10-16,0.2780853529475963
AOI-0074,2015-10-29,0.1971645924572786
AOI-0074,2016-08-12,0.23910178283539454
AOI-0074,2016-08-20,0.23693490646252494
AOI-0074,2017-04-23,0.3138273469659265
AOI-0074,2017-05-04,0.20754722514966895
AOI-0074,2017-05-06,0.22247444023800927
AOI-0074,2017-06-04,0.42822816198198393
AOI-0074,2017-06-05,0.360328201609116
AOI-0074,2017-06-10,0.6044173579923418
AOI-0074,2017-06-20,0.5222359165537951
AOI-0074,2017-06-26,0.7528310636964802
AOI-0074,2017-07-18,0.7201186628873597
AOI-0074,2017-08-07,0.6390329543973325
AOI-0074,2017-08-17,0.4993632866944955
AOI-0074,2017-09-16,0.2836421343043959
AOI-0074,2017-10-11,0.23536809192499142
AOI-0074,2017-10-16,0.2631163040827689
AOI-0074,2018-04-04,0.15608134322079145
AOI-0074,2018-04-23,0.3585050737870358
AOI-0074,2018-05-06,0.29239765770558546
AOI-0074,2018-05-11,0.3008793822569656
AOI-0074,2018-05-22,0.5064477542835154
AOI-0074,2018-05-26,0.32424884500415757
AOI-0074,2018-05-30,0.33533520904412767
AOI-0074,2018-07-13,0.6665684246490852
AOI-0074,2018-08-18,0.7790611282604619
AOI-0074,2018-09-14,0.45067899220770824
AOI-0074,2018-09-19,0.32947903837395187
AOI-0074,2018-09-30,0.3203555042221046
AOI-0074,2019-04-23,0.18388214629423177
AOI-0074,2019-05-04,0.20431297459660502
AOI-0074,2019-05-14,0.20015658993223845
AOI-0074,2019-05-16,0.2833160761692257
AOI-0074,2019-05-31,0.442533709142056
AOI-0074,2019-06-13,0.717501967247069
AOI-0074,2019-07-13,0.6694148530837499
AOI-0074,2019-08-05,0.6238397965051891
AOI-0074,2019-08-09,0.49836518939111946
AOI-0074,2019-09-14,0.3106953266666459
AOI-0074,2020-04-09,0.20238478166138876
AOI-0074,2020-07-06,0.3012726113276105
AOI-0074,2020-07-22,0.20482693109022618
AOI-0074,2020-08-07,0.21101476706688177
AOI-0074,2020-08-26,0.17298482057076336
AOI-0074,2020-09-07,0.15245161964537854
AOI-0074,2020-09-08,0.20053147502840488
AOI-0074,2020-09-12,0.15753783227885787
AOI-0074,2020-10-07,0.17789535500387899
AOI-0074,2020-10-12,0.12688202304409762
AOI-0074,2020-10-18,0.2546427481111465
AOI-0074,2020-10-22,0.11787550779982502
AOI-0074,2021-04-25,0.23734043250291204
AOI-0074,2021-06-23,0.6034729688106626
AOI-0074,2021-06-27,0.67070383261649
AOI-0074,2021-07-17,0.7109684602018037
AOI-0074,2021-08-03,0.5499060818031417
AOI-0074,2021-08-06,0.5527051026539314
AOI-0074,2021-08-19,0.48585800644893945
AOI-0074,2021-09-03,0.4398666401075249
AOI-0074,2021-10-06,0.23727708095919056
AOI-0074,2021-10-17,0.1786647373277816
AOI-0074,2021-10-20,0.2701068086092258
AOI-0074,2021-10-27,0.2053033664427218
AOI-0074,2022-05-30,0.2137657816263395
AOI-0074,2022-07-12,0.7104911799826396
AOI-0074,2022-08-29,0.5027962094949106
AOI-0074,2022-10-16,0.2557043941918888
AOI-0074,2023-04-28,0.23305886436185924
AOI-0074,2023-05-30,0.37165918086814875
AOI-0074,2023-06-09,0.455823536304315
AOI-0074,2023-06-19,0.38663605424306596
AOI-0074,2023-07-14,0.24369681130670115
AOI-0074,2023-08-16,0.19486663380915484
AOI-0074,2023-09-14,0.31794683988586847
AOI-0074,2023-10-11,0.30175543737350885
AOI-0074,2024-04-17,0.6095666883637262
AOI-0074,2024-05-08,0.6856551407956112
AOI-0074,2024-05-09,0.6321372697303862
AOI-0074,2024-06-06,0.5226909716501542
AOI-0074,2024-07-08,0.2553308160433351
AOI-0074,2024-07-18,0.23993941783527847
AOI-0074,2024-07-27,0.4290722811481895
AOI-0074,2024-08-12,0.16697517245983504
AOI-0074,2024-08-28,0.2939109001954099
AOI-0074,2024-09-04,0.1833530633560892
AOI-0074,2024-09-09,0.1558859560120129
AOI-0074,2025-04-07,0.2800816695029003
AOI-0074,2025-04-15,0.19132347656943366
AOI-0074,2025-05-12,0.21967017020946467
AOI-0074,2025-05-14,0.18035774131769874
AOI-0074,2025-06-01,0.33555832546318465
AOI-0074,2025-06-10,0.5986734490740547
AOI-0074,2025-07-06,0.7592273796425121
AOI-0074,2025-07-16,0.6675567376321735
AOI-0074,2025-08-05,0.6685262168095799
AOI-0074,2025-08-19,0.45636518179309943
AOI-0074,2025-09-08,0.23554470705382843
AOI-0074,2025-09-22,0.2605187903727347
AOI-0074,2025-10-01,0.2323414675360441
AOI-0074,2025-10-26,0.22093538578374033
AOI-0075,2025-04-07,0.3190896546190114
AOI-0075,2025-04-12,0.2306493518940912
AOI-0075,2025-07-12,0.5936701201399632
AOI-0075,2025-07-18,0.5195070341144467
AOI-0075,2025-08-21,0.5324276609993169
AOI-0075,2025-08-30,0.4967619473305887
AOI-0075,2025-09-08,0.39344932785798037
AOI-0075,2025-09-16,0.31822433143676593
AOI-0075,2025-09-21,0.2724302380324729
AOI-0075,2025-10-29,0.31901175233821044
AOI-0076,2025-04-19,0.20369861346327797
AOI-0076,2025-05-01,0.23341754743534884
AOI-0076,2025-05-11,0.25238776437309407
AOI-0076,2025-05-25,0.4780843029111778
AOI-0076,2025-07-10,0.7370502903668089
AOI-0076,2025-07-31,0.6963286743842347
AOI-0076,2025-08-21,0.4134394013968631
AOI-0076,2025-08-27,0.3393792342580125
AOI-0076,2025-09-01,0.30018507260271543
AOI-0076,2025-09-21,0.23215501065049665
AOI-0076,2025-09-22,0.2477058233474862
AOI-0076,2025-10-01,0.2055041924887847
AOI-0076,2025-10-04,0.19281211506260743
AOI-0077,2025-05-09,0.7996226945660012
AOI-0077,2025-06-06,0.49970079479637125
AOI-0077,2025-06-21,0.3537754191964476
AOI-0077,2025-07-12,0.32165858796982105
AOI-0077,2025-08-22,0.17631934073733818
AOI-0077,2025-08-27,0.1900800580495385
AOI-0077,2025-08-30,0.2242776085309824
AOI-0077,2025-09-11,0.2052696758022362
AOI-0077,2025-09-22,0.222684493298712
AOI-0078,2025-05-02,0.8496361260009181
AOI-0078,2025-05-25,0.7563503621062818
AOI-0078,2025-06-01,0.7413010153503179
AOI-0078,2025-06-03,0.7443180165642562
AOI-0078,2025-06-06,0.6854985957763823
AOI-0078,2025-06-10,0.5713627381428884
AOI-0078,2025-07-04,0.325966410704756
AOI-0078,2025-07-10,0.19199340229543016
AOI-0078,2025-07-11,0.19644315397663517
AOI-0078,2025-07-13,0.14725313902613052
AOI-0078,2025-08-10,0.15682988365424813
AOI-0078,2025-08-15,0.21935964154496645
AOI-0078,2025-09-08,0.1281694146646341
AOI-0078,2025-10-04,0.23502818673298537
